import took 958ms
elaboration took 90.4ms
instantiate metavars took 3.35s
process pre-definitions took 82.8ms
elaboration took 1.79s
type checking took 86.9ms
type checking took 139ms
compilation (LCNF base) took 99.5ms
tactic execution of Lean.Parser.Tactic.omega took 986ms
tactic execution of Lean.Parser.Tactic.rewriteSeq took 51.3ms
tactic execution of Lean.Parser.Tactic.rewriteSeq took 53.4ms
tactic execution of Lean.Parser.Tactic.rewriteSeq took 52.3ms
tactic execution of Lean.Parser.Tactic.rewriteSeq took 51.5ms
tactic execution of Lean.Parser.Tactic.rewriteSeq took 51.7ms
tactic execution of Lean.Parser.Tactic.rewriteSeq took 50.1ms
tactic execution of Lean.Parser.Tactic.rewriteSeq took 51.6ms
tactic execution of Lean.Parser.Tactic.rewriteSeq took 53.8ms
tactic execution of Lean.Parser.Tactic.rewriteSeq took 52.4ms
tactic execution of Lean.Parser.Tactic.rewriteSeq took 53ms
tactic execution of Lean.Parser.Tactic.rewriteSeq took 51.3ms
tactic execution of Lean.Parser.Tactic.rewriteSeq took 54.9ms
tactic execution of Lean.Parser.Tactic.rewriteSeq took 50.6ms
tactic execution of Lean.Parser.Tactic.rewriteSeq took 50.5ms
tactic execution of Lean.Parser.Tactic.rewriteSeq took 54.5ms
tactic execution of Lean.Parser.Tactic.rewriteSeq took 51.5ms
tactic execution of Lean.Parser.Tactic.rewriteSeq took 50.9ms
tactic execution of Lean.Parser.Tactic.rewriteSeq took 56.4ms
tactic execution of Lean.Parser.Tactic.rewriteSeq took 51.7ms
tactic execution of Lean.Parser.Tactic.rewriteSeq took 52.2ms
tactic execution of Lean.Parser.Tactic.rewriteSeq took 56ms
tactic execution of Lean.Parser.Tactic.rewriteSeq took 53.9ms
tactic execution of Lean.Parser.Tactic.rewriteSeq took 53.3ms
tactic execution of Lean.Parser.Tactic.rewriteSeq took 58.3ms
tactic execution of Lean.Parser.Tactic.rewriteSeq took 54.9ms
tactic execution of Lean.Parser.Tactic.rewriteSeq took 53ms
tactic execution of Lean.Parser.Tactic.rewriteSeq took 58.4ms
tactic execution of Lean.Parser.Tactic.rewriteSeq took 53.6ms
tactic execution of Lean.Parser.Tactic.rewriteSeq took 55.3ms
tactic execution of Lean.Parser.Tactic.rewriteSeq took 55.8ms
tactic execution of Lean.Parser.Tactic.rewriteSeq took 55.4ms
tactic execution of Lean.Parser.Tactic.rewriteSeq took 53ms
tactic execution of Lean.Parser.Tactic.rewriteSeq took 58ms
tactic execution of Lean.Parser.Tactic.rewriteSeq took 52.7ms
tactic execution of Lean.Parser.Tactic.rewriteSeq took 54ms
tactic execution of Lean.Parser.Tactic.rewriteSeq took 56.5ms
tactic execution of Lean.Parser.Tactic.rewriteSeq took 53.3ms
tactic execution of Lean.Parser.Tactic.rewriteSeq took 54.1ms
tactic execution of Lean.Parser.Tactic.rewriteSeq took 57.1ms
tactic execution of Lean.Parser.Tactic.rewriteSeq took 53.5ms
tactic execution of Lean.Parser.Tactic.rewriteSeq took 56.7ms
tactic execution of Lean.Parser.Tactic.rewriteSeq took 58.3ms
tactic execution of Lean.Parser.Tactic.rewriteSeq took 55.7ms
tactic execution of Lean.Parser.Tactic.rewriteSeq took 56.3ms
tactic execution of Lean.Parser.Tactic.rewriteSeq took 59.3ms
tactic execution of Lean.Parser.Tactic.rewriteSeq took 55.4ms
tactic execution of Lean.Parser.Tactic.rewriteSeq took 54.9ms
tactic execution of Lean.Parser.Tactic.rewriteSeq took 57.8ms
tactic execution of Lean.Parser.Tactic.rewriteSeq took 56.2ms
tactic execution of Lean.Parser.Tactic.rewriteSeq took 55.5ms
tactic execution of Lean.Parser.Tactic.rewriteSeq took 50ms
tactic execution of Lean.Parser.Tactic.rewriteSeq took 59ms
tactic execution of Lean.Parser.Tactic.rewriteSeq took 56.4ms
tactic execution of Lean.Parser.Tactic.rewriteSeq took 55.5ms
tactic execution of Lean.Parser.Tactic.rewriteSeq took 50.2ms
tactic execution of Lean.Parser.Tactic.rewriteSeq took 59.7ms
tactic execution of Lean.Parser.Tactic.rewriteSeq took 56ms
tactic execution of Lean.Parser.Tactic.rewriteSeq took 55.1ms
tactic execution of Lean.Parser.Tactic.rewriteSeq took 61.2ms
tactic execution of Lean.Parser.Tactic.rewriteSeq took 53ms
tactic execution of Lean.Parser.Tactic.rewriteSeq took 56.1ms
tactic execution of Lean.Parser.Tactic.rewriteSeq took 60.2ms
tactic execution of Lean.Parser.Tactic.rewriteSeq took 55.1ms
tactic execution of Lean.Parser.Tactic.rewriteSeq took 57.5ms
tactic execution of Lean.Parser.Tactic.rewriteSeq took 50.6ms
tactic execution of Lean.Parser.Tactic.rewriteSeq took 60.3ms
tactic execution of Lean.Parser.Tactic.rewriteSeq took 56.7ms
tactic execution of Lean.Parser.Tactic.rewriteSeq took 56.8ms
tactic execution of Lean.Parser.Tactic.rewriteSeq took 51.5ms
tactic execution of Lean.Parser.Tactic.rewriteSeq took 60.7ms
tactic execution of Lean.Parser.Tactic.rewriteSeq took 57.5ms
tactic execution of Lean.Parser.Tactic.rewriteSeq took 57.8ms
tactic execution of Lean.Parser.Tactic.rewriteSeq took 50.7ms
tactic execution of Lean.Parser.Tactic.rewriteSeq took 50.4ms
tactic execution of Lean.Parser.Tactic.rewriteSeq took 60.3ms
tactic execution of Lean.Parser.Tactic.rewriteSeq took 60.3ms
tactic execution of Lean.Parser.Tactic.rewriteSeq took 58.6ms
tactic execution of Lean.Parser.Tactic.rewriteSeq took 50.5ms
tactic execution of Lean.Parser.Tactic.rewriteSeq took 50.3ms
tactic execution of Lean.Parser.Tactic.rewriteSeq took 50.4ms
tactic execution of Lean.Parser.Tactic.rewriteSeq took 64.4ms
tactic execution of Lean.Parser.Tactic.rewriteSeq took 57.4ms
tactic execution of Lean.Parser.Tactic.rewriteSeq took 60ms
tactic execution of Lean.Parser.Tactic.rewriteSeq took 51.9ms
tactic execution of Lean.Parser.Tactic.rewriteSeq took 54.6ms
tactic execution of Lean.Parser.Tactic.rewriteSeq took 62.7ms
tactic execution of Lean.Parser.Tactic.rewriteSeq took 50.5ms
tactic execution of Lean.Parser.Tactic.rewriteSeq took 63.6ms
tactic execution of Lean.Parser.Tactic.rewriteSeq took 66.4ms
tactic execution of Lean.Parser.Tactic.rewriteSeq took 59.4ms
tactic execution of Lean.Parser.Tactic.rewriteSeq took 59.5ms
tactic execution of Lean.Parser.Tactic.rewriteSeq took 50.7ms
tactic execution of Lean.Parser.Tactic.rewriteSeq took 51.6ms
tactic execution of Lean.Parser.Tactic.rewriteSeq took 64ms
tactic execution of Lean.Parser.Tactic.rewriteSeq took 57.3ms
tactic execution of Lean.Parser.Tactic.rewriteSeq took 59.6ms
tactic execution of Lean.Parser.Tactic.rewriteSeq took 50ms
tactic execution of Lean.Parser.Tactic.rewriteSeq took 54.7ms
tactic execution of Lean.Parser.Tactic.rewriteSeq took 61.8ms
tactic execution of Lean.Parser.Tactic.rewriteSeq took 60.4ms
tactic execution of Lean.Parser.Tactic.rewriteSeq took 60.8ms
tactic execution of Lean.Parser.Tactic.rewriteSeq took 50.9ms
tactic execution of Lean.Parser.Tactic.rewriteSeq took 51.2ms
tactic execution of Lean.Parser.Tactic.rewriteSeq took 52.4ms
tactic execution of Lean.Parser.Tactic.rewriteSeq took 63.8ms
tactic execution of Lean.Parser.Tactic.rewriteSeq took 60.3ms
tactic execution of Lean.Parser.Tactic.rewriteSeq took 59.2ms
tactic execution of Lean.Parser.Tactic.rewriteSeq took 53.5ms
tactic execution of Lean.Parser.Tactic.rewriteSeq took 53.3ms
tactic execution of Lean.Parser.Tactic.rewriteSeq took 67.1ms
tactic execution of Lean.Parser.Tactic.rewriteSeq took 59.8ms
tactic execution of Lean.Parser.Tactic.rewriteSeq took 60.4ms
tactic execution of Lean.Parser.Tactic.rewriteSeq took 52.2ms
tactic execution of Lean.Parser.Tactic.rewriteSeq took 50.8ms
tactic execution of Lean.Parser.Tactic.rewriteSeq took 52.8ms
tactic execution of Lean.Parser.Tactic.rewriteSeq took 66.9ms
tactic execution of Lean.Parser.Tactic.rewriteSeq took 62.7ms
tactic execution of Lean.Parser.Tactic.rewriteSeq took 68.7ms
tactic execution of Lean.Parser.Tactic.rewriteSeq took 52ms
tactic execution of Lean.Parser.Tactic.rewriteSeq took 54.1ms
tactic execution of Lean.Parser.Tactic.rewriteSeq took 53.4ms
tactic execution of Lean.Parser.Tactic.rewriteSeq took 52.5ms
tactic execution of Lean.Parser.Tactic.rewriteSeq took 67.1ms
tactic execution of Lean.Parser.Tactic.rewriteSeq took 58.4ms
tactic execution of Lean.Parser.Tactic.rewriteSeq took 59.1ms
tactic execution of Lean.Parser.Tactic.rewriteSeq took 52.8ms
tactic execution of Lean.Parser.Tactic.rewriteSeq took 50.3ms
tactic execution of Lean.Parser.Tactic.rewriteSeq took 50.7ms
tactic execution of Lean.Parser.Tactic.rewriteSeq took 52.8ms
tactic execution of Lean.Parser.Tactic.rewriteSeq took 63.9ms
tactic execution of Lean.Parser.Tactic.rewriteSeq took 60.7ms
tactic execution of Lean.Parser.Tactic.rewriteSeq took 61.3ms
tactic execution of Lean.Parser.Tactic.rewriteSeq took 52.8ms
tactic execution of Lean.Parser.Tactic.rewriteSeq took 50.6ms
tactic execution of Lean.Parser.Tactic.rewriteSeq took 52.3ms
tactic execution of Lean.Parser.Tactic.rewriteSeq took 52.3ms
tactic execution of Lean.Parser.Tactic.rewriteSeq took 65.7ms
tactic execution of Lean.Parser.Tactic.rewriteSeq took 62.1ms
tactic execution of Lean.Parser.Tactic.rewriteSeq took 63.5ms
tactic execution of Lean.Parser.Tactic.rewriteSeq took 57.4ms
tactic execution of Lean.Parser.Tactic.rewriteSeq took 51.4ms
tactic execution of Lean.Parser.Tactic.rewriteSeq took 52.1ms
tactic execution of Lean.Parser.Tactic.rewriteSeq took 51.6ms
tactic execution of Lean.Parser.Tactic.rewriteSeq took 53.2ms
tactic execution of Lean.Parser.Tactic.rewriteSeq took 67.2ms
tactic execution of Lean.Parser.Tactic.rewriteSeq took 62.7ms
tactic execution of Lean.Parser.Tactic.rewriteSeq took 62.3ms
tactic execution of Lean.Parser.Tactic.rewriteSeq took 52.7ms
tactic execution of Lean.Parser.Tactic.rewriteSeq took 50.8ms
tactic execution of Lean.Parser.Tactic.rewriteSeq took 54.2ms
tactic execution of Lean.Parser.Tactic.rewriteSeq took 50.9ms
tactic execution of Lean.Parser.Tactic.rewriteSeq took 54.8ms
tactic execution of Lean.Parser.Tactic.rewriteSeq took 65.6ms
tactic execution of Lean.Parser.Tactic.rewriteSeq took 64.4ms
tactic execution of Lean.Parser.Tactic.rewriteSeq took 62.3ms
tactic execution of Lean.Parser.Tactic.rewriteSeq took 55.3ms
tactic execution of Lean.Parser.Tactic.rewriteSeq took 53.4ms
tactic execution of Lean.Parser.Tactic.rewriteSeq took 55.4ms
tactic execution of Lean.Parser.Tactic.rewriteSeq took 50.9ms
tactic execution of Lean.Parser.Tactic.rewriteSeq took 55.3ms
tactic execution of Lean.Parser.Tactic.rewriteSeq took 68.8ms
tactic execution of Lean.Parser.Tactic.rewriteSeq took 65.5ms
tactic execution of Lean.Parser.Tactic.rewriteSeq took 62ms
tactic execution of Lean.Parser.Tactic.rewriteSeq took 55ms
tactic execution of Lean.Parser.Tactic.rewriteSeq took 54.1ms
tactic execution of Lean.Parser.Tactic.rewriteSeq took 53.8ms
tactic execution of Lean.Parser.Tactic.rewriteSeq took 52.8ms
tactic execution of Lean.Parser.Tactic.rewriteSeq took 54.4ms
tactic execution of Lean.Parser.Tactic.rewriteSeq took 68.1ms
tactic execution of Lean.Parser.Tactic.rewriteSeq took 63.9ms
tactic execution of Lean.Parser.Tactic.rewriteSeq took 64.8ms
tactic execution of Lean.Parser.Tactic.rewriteSeq took 56ms
tactic execution of Lean.Parser.Tactic.rewriteSeq took 52.5ms
tactic execution of Lean.Parser.Tactic.rewriteSeq took 54.4ms
tactic execution of Lean.Parser.Tactic.rewriteSeq took 54.1ms
tactic execution of Lean.Parser.Tactic.rewriteSeq took 55.8ms
tactic execution of Lean.Parser.Tactic.rewriteSeq took 68.7ms
tactic execution of Lean.Parser.Tactic.rewriteSeq took 64ms
tactic execution of Lean.Parser.Tactic.rewriteSeq took 64.6ms
tactic execution of Lean.Parser.Tactic.rewriteSeq took 56.1ms
tactic execution of Lean.Parser.Tactic.rewriteSeq took 51.8ms
tactic execution of Lean.Parser.Tactic.rewriteSeq took 53.9ms
tactic execution of Lean.Parser.Tactic.rewriteSeq took 53.1ms
tactic execution of Lean.Parser.Tactic.rewriteSeq took 57.6ms
tactic execution of Lean.Parser.Tactic.rewriteSeq took 69.8ms
tactic execution of Lean.Parser.Tactic.rewriteSeq took 65.3ms
tactic execution of Lean.Parser.Tactic.rewriteSeq took 66.7ms
tactic execution of Lean.Parser.Tactic.rewriteSeq took 55.6ms
tactic execution of Lean.Parser.Tactic.rewriteSeq took 55.1ms
tactic execution of Lean.Parser.Tactic.rewriteSeq took 55.4ms
tactic execution of Lean.Parser.Tactic.rewriteSeq took 53.9ms
tactic execution of Lean.Parser.Tactic.rewriteSeq took 59ms
tactic execution of Lean.Parser.Tactic.rewriteSeq took 73.9ms
tactic execution of Lean.Parser.Tactic.rewriteSeq took 68.9ms
tactic execution of Lean.Parser.Tactic.rewriteSeq took 65.1ms
tactic execution of Lean.Parser.Tactic.rewriteSeq took 58.6ms
tactic execution of Lean.Parser.Tactic.rewriteSeq took 57.4ms
tactic execution of Lean.Parser.Tactic.rewriteSeq took 56.9ms
tactic execution of Lean.Parser.Tactic.rewriteSeq took 56.1ms
tactic execution of Lean.Parser.Tactic.rewriteSeq took 58.3ms
tactic execution of Lean.Parser.Tactic.rewriteSeq took 71.2ms
tactic execution of Lean.Parser.Tactic.rewriteSeq took 67.4ms
tactic execution of Lean.Parser.Tactic.rewriteSeq took 67.9ms
tactic execution of Lean.Parser.Tactic.rewriteSeq took 59.2ms
tactic execution of Lean.Parser.Tactic.rewriteSeq took 55.8ms
tactic execution of Lean.Parser.Tactic.rewriteSeq took 55.9ms
tactic execution of Lean.Parser.Tactic.rewriteSeq took 56.9ms
tactic execution of Lean.Parser.Tactic.rewriteSeq took 59.7ms
tactic execution of Lean.Parser.Tactic.rewriteSeq took 74.4ms
tactic execution of Lean.Parser.Tactic.rewriteSeq took 71.4ms
tactic execution of Lean.Parser.Tactic.rewriteSeq took 70.7ms
tactic execution of Lean.Parser.Tactic.rewriteSeq took 57.7ms
tactic execution of Lean.Parser.Tactic.rewriteSeq took 56.5ms
tactic execution of Lean.Parser.Tactic.rewriteSeq took 59.9ms
tactic execution of Lean.Parser.Tactic.rewriteSeq took 55.4ms
tactic execution of Lean.Parser.Tactic.rewriteSeq took 58.5ms
tactic execution of Lean.Parser.Tactic.rewriteSeq took 77ms
tactic execution of Lean.Parser.Tactic.rewriteSeq took 71.3ms
tactic execution of Lean.Parser.Tactic.rewriteSeq took 67.9ms
tactic execution of Lean.Parser.Tactic.rewriteSeq took 58.3ms
tactic execution of Lean.Parser.Tactic.rewriteSeq took 56.6ms
tactic execution of Lean.Parser.Tactic.rewriteSeq took 57ms
tactic execution of Lean.Parser.Tactic.rewriteSeq took 55.6ms
tactic execution of Lean.Parser.Tactic.rewriteSeq took 58.9ms
tactic execution of Lean.Parser.Tactic.rewriteSeq took 77.8ms
tactic execution of Lean.Parser.Tactic.rewriteSeq took 69ms
tactic execution of Lean.Parser.Tactic.rewriteSeq took 68.1ms
tactic execution of Lean.Parser.Tactic.rewriteSeq took 58.5ms
tactic execution of Lean.Parser.Tactic.rewriteSeq took 54.2ms
tactic execution of Lean.Parser.Tactic.rewriteSeq took 57.5ms
tactic execution of Lean.Parser.Tactic.rewriteSeq took 56.6ms
tactic execution of Lean.Parser.Tactic.rewriteSeq took 58.5ms
tactic execution of Lean.Parser.Tactic.rewriteSeq took 72.5ms
tactic execution of Lean.Parser.Tactic.rewriteSeq took 70.8ms
tactic execution of Lean.Parser.Tactic.rewriteSeq took 69.7ms
tactic execution of Lean.Parser.Tactic.rewriteSeq took 58.5ms
tactic execution of Lean.Parser.Tactic.rewriteSeq took 55.9ms
tactic execution of Lean.Parser.Tactic.rewriteSeq took 56.7ms
tactic execution of Lean.Parser.Tactic.rewriteSeq took 55.9ms
tactic execution of Lean.Parser.Tactic.rewriteSeq took 60.6ms
tactic execution of Lean.Parser.Tactic.rewriteSeq took 73.4ms
tactic execution of Lean.Parser.Tactic.rewriteSeq took 68.6ms
tactic execution of Lean.Parser.Tactic.rewriteSeq took 66.3ms
tactic execution of Lean.Parser.Tactic.rewriteSeq took 59ms
tactic execution of Lean.Parser.Tactic.rewriteSeq took 58.1ms
tactic execution of Lean.Parser.Tactic.rewriteSeq took 57.2ms
tactic execution of Lean.Parser.Tactic.rewriteSeq took 57.5ms
tactic execution of Lean.Parser.Tactic.rewriteSeq took 60.5ms
tactic execution of Lean.Parser.Tactic.rewriteSeq took 76ms
tactic execution of Lean.Parser.Tactic.rewriteSeq took 70.4ms
tactic execution of Lean.Parser.Tactic.rewriteSeq took 70.6ms
tactic execution of Lean.Parser.Tactic.rewriteSeq took 59.8ms
tactic execution of Lean.Parser.Tactic.rewriteSeq took 57ms
tactic execution of Lean.Parser.Tactic.rewriteSeq took 59.9ms
tactic execution of Lean.Parser.Tactic.rewriteSeq took 57ms
tactic execution of Lean.Parser.Tactic.rewriteSeq took 62.9ms
tactic execution of Lean.Parser.Tactic.rewriteSeq took 77.7ms
tactic execution of Lean.Parser.Tactic.rewriteSeq took 74.4ms
tactic execution of Lean.Parser.Tactic.rewriteSeq took 69.2ms
tactic execution of Lean.Parser.Tactic.rewriteSeq took 61.1ms
tactic execution of Lean.Parser.Tactic.rewriteSeq took 58.5ms
tactic execution of Lean.Parser.Tactic.rewriteSeq took 61.2ms
tactic execution of Lean.Parser.Tactic.rewriteSeq took 58.5ms
tactic execution of Lean.Parser.Tactic.rewriteSeq took 50.8ms
tactic execution of Lean.Parser.Tactic.rewriteSeq took 61.3ms
tactic execution of Lean.Parser.Tactic.rewriteSeq took 79.9ms
tactic execution of Lean.Parser.Tactic.rewriteSeq took 71.9ms
tactic execution of Lean.Parser.Tactic.rewriteSeq took 69.5ms
tactic execution of Lean.Parser.Tactic.rewriteSeq took 61.8ms
tactic execution of Lean.Parser.Tactic.rewriteSeq took 56.8ms
tactic execution of Lean.Parser.Tactic.rewriteSeq took 61.1ms
tactic execution of Lean.Parser.Tactic.rewriteSeq took 56.9ms
tactic execution of Lean.Parser.Tactic.rewriteSeq took 61.2ms
tactic execution of Lean.Parser.Tactic.rewriteSeq took 77ms
tactic execution of Lean.Parser.Tactic.rewriteSeq took 73.2ms
tactic execution of Lean.Parser.Tactic.rewriteSeq took 70.9ms
tactic execution of Lean.Parser.Tactic.rewriteSeq took 60.6ms
tactic execution of Lean.Parser.Tactic.rewriteSeq took 60.7ms
tactic execution of Lean.Parser.Tactic.rewriteSeq took 59ms
tactic execution of Lean.Parser.Tactic.rewriteSeq took 58.6ms
tactic execution of Lean.Parser.Tactic.rewriteSeq took 61.2ms
tactic execution of Lean.Parser.Tactic.rewriteSeq took 77.9ms
tactic execution of Lean.Parser.Tactic.rewriteSeq took 70.2ms
tactic execution of Lean.Parser.Tactic.rewriteSeq took 69ms
tactic execution of Lean.Parser.Tactic.rewriteSeq took 64.7ms
tactic execution of Lean.Parser.Tactic.rewriteSeq took 57.9ms
tactic execution of Lean.Parser.Tactic.rewriteSeq took 59.3ms
tactic execution of Lean.Parser.Tactic.rewriteSeq took 60.6ms
tactic execution of Lean.Parser.Tactic.rewriteSeq took 60.5ms
tactic execution of Lean.Parser.Tactic.rewriteSeq took 77.5ms
tactic execution of Lean.Parser.Tactic.rewriteSeq took 72.8ms
tactic execution of Lean.Parser.Tactic.rewriteSeq took 71.8ms
tactic execution of Lean.Parser.Tactic.rewriteSeq took 60.5ms
tactic execution of Lean.Parser.Tactic.rewriteSeq took 58.1ms
tactic execution of Lean.Parser.Tactic.rewriteSeq took 61.9ms
tactic execution of Lean.Parser.Tactic.rewriteSeq took 59.2ms
tactic execution of Lean.Parser.Tactic.rewriteSeq took 62.2ms
tactic execution of Lean.Parser.Tactic.rewriteSeq took 79.8ms
tactic execution of Lean.Parser.Tactic.rewriteSeq took 73.7ms
tactic execution of Lean.Parser.Tactic.rewriteSeq took 71.3ms
tactic execution of Lean.Parser.Tactic.rewriteSeq took 63.8ms
tactic execution of Lean.Parser.Tactic.rewriteSeq took 59.3ms
tactic execution of Lean.Parser.Tactic.rewriteSeq took 60.3ms
tactic execution of Lean.Parser.Tactic.rewriteSeq took 59.6ms
tactic execution of Lean.Parser.Tactic.rewriteSeq took 62.4ms
tactic execution of Lean.Parser.Tactic.rewriteSeq took 79.7ms
tactic execution of Lean.Parser.Tactic.rewriteSeq took 74.4ms
tactic execution of Lean.Parser.Tactic.rewriteSeq took 73.6ms
tactic execution of Lean.Parser.Tactic.rewriteSeq took 63.5ms
tactic execution of Lean.Parser.Tactic.rewriteSeq took 61ms
tactic execution of Lean.Parser.Tactic.rewriteSeq took 63.1ms
tactic execution of Lean.Parser.Tactic.rewriteSeq took 58.3ms
tactic execution of Lean.Parser.Tactic.rewriteSeq took 62.4ms
tactic execution of Lean.Parser.Tactic.rewriteSeq took 78.6ms
tactic execution of Lean.Parser.Tactic.rewriteSeq took 75.6ms
tactic execution of Lean.Parser.Tactic.rewriteSeq took 71.6ms
tactic execution of Lean.Parser.Tactic.rewriteSeq took 64.1ms
tactic execution of Lean.Parser.Tactic.rewriteSeq took 60.2ms
tactic execution of Lean.Parser.Tactic.rewriteSeq took 61ms
tactic execution of Lean.Parser.Tactic.rewriteSeq took 60.7ms
tactic execution of Lean.Parser.Tactic.rewriteSeq took 50.3ms
tactic execution of Lean.Parser.Tactic.rewriteSeq took 63.9ms
tactic execution of Lean.Parser.Tactic.rewriteSeq took 79.2ms
tactic execution of Lean.Parser.Tactic.rewriteSeq took 76ms
tactic execution of Lean.Parser.Tactic.rewriteSeq took 75.2ms
tactic execution of Lean.Parser.Tactic.rewriteSeq took 61.6ms
tactic execution of Lean.Parser.Tactic.rewriteSeq took 60.2ms
tactic execution of Lean.Parser.Tactic.rewriteSeq took 62.2ms
tactic execution of Lean.Parser.Tactic.rewriteSeq took 60.4ms
tactic execution of Lean.Parser.Tactic.rewriteSeq took 54.2ms
tactic execution of Lean.Parser.Tactic.rewriteSeq took 62.1ms
tactic execution of Lean.Parser.Tactic.rewriteSeq took 82.3ms
tactic execution of Lean.Parser.Tactic.rewriteSeq took 74.5ms
tactic execution of Lean.Parser.Tactic.rewriteSeq took 72.3ms
tactic execution of Lean.Parser.Tactic.rewriteSeq took 62.5ms
tactic execution of Lean.Parser.Tactic.rewriteSeq took 59.4ms
tactic execution of Lean.Parser.Tactic.rewriteSeq took 63ms
tactic execution of Lean.Parser.Tactic.rewriteSeq took 62ms
tactic execution of Lean.Parser.Tactic.rewriteSeq took 51.5ms
tactic execution of Lean.Parser.Tactic.rewriteSeq took 61.9ms
tactic execution of Lean.Parser.Tactic.rewriteSeq took 81ms
tactic execution of Lean.Parser.Tactic.rewriteSeq took 73.3ms
tactic execution of Lean.Parser.Tactic.rewriteSeq took 74.4ms
tactic execution of Lean.Parser.Tactic.rewriteSeq took 63.5ms
tactic execution of Lean.Parser.Tactic.rewriteSeq took 59.3ms
tactic execution of Lean.Parser.Tactic.rewriteSeq took 62.8ms
tactic execution of Lean.Parser.Tactic.rewriteSeq took 60.4ms
tactic execution of Lean.Parser.Tactic.rewriteSeq took 63.7ms
tactic execution of Lean.Parser.Tactic.rewriteSeq took 82.7ms
tactic execution of Lean.Parser.Tactic.rewriteSeq took 75.1ms
tactic execution of Lean.Parser.Tactic.rewriteSeq took 72.3ms
tactic execution of Lean.Parser.Tactic.rewriteSeq took 60.9ms
tactic execution of Lean.Parser.Tactic.rewriteSeq took 61.8ms
tactic execution of Lean.Parser.Tactic.rewriteSeq took 61ms
tactic execution of Lean.Parser.Tactic.rewriteSeq took 60ms
tactic execution of Lean.Parser.Tactic.rewriteSeq took 63.6ms
tactic execution of Lean.Parser.Tactic.rewriteSeq took 80ms
tactic execution of Lean.Parser.Tactic.rewriteSeq took 73.2ms
tactic execution of Lean.Parser.Tactic.rewriteSeq took 73ms
tactic execution of Lean.Parser.Tactic.rewriteSeq took 62.1ms
tactic execution of Lean.Parser.Tactic.rewriteSeq took 61.4ms
tactic execution of Lean.Parser.Tactic.rewriteSeq took 63.8ms
tactic execution of Lean.Parser.Tactic.rewriteSeq took 61.7ms
tactic execution of Lean.Parser.Tactic.rewriteSeq took 51.9ms
tactic execution of Lean.Parser.Tactic.rewriteSeq took 64.5ms
tactic execution of Lean.Parser.Tactic.rewriteSeq took 81ms
tactic execution of Lean.Parser.Tactic.rewriteSeq took 76.9ms
tactic execution of Lean.Parser.Tactic.rewriteSeq took 72.3ms
tactic execution of Lean.Parser.Tactic.rewriteSeq took 70ms
tactic execution of Lean.Parser.Tactic.rewriteSeq took 61.4ms
tactic execution of Lean.Parser.Tactic.rewriteSeq took 62.5ms
tactic execution of Lean.Parser.Tactic.rewriteSeq took 61.2ms
tactic execution of Lean.Parser.Tactic.rewriteSeq took 63ms
tactic execution of Lean.Parser.Tactic.rewriteSeq took 80.2ms
tactic execution of Lean.Parser.Tactic.rewriteSeq took 75.1ms
tactic execution of Lean.Parser.Tactic.rewriteSeq took 74.3ms
tactic execution of Lean.Parser.Tactic.rewriteSeq took 62.6ms
tactic execution of Lean.Parser.Tactic.rewriteSeq took 60.8ms
tactic execution of Lean.Parser.Tactic.rewriteSeq took 64.3ms
tactic execution of Lean.Parser.Tactic.rewriteSeq took 60ms
tactic execution of Lean.Parser.Tactic.rewriteSeq took 50.8ms
tactic execution of Lean.Parser.Tactic.rewriteSeq took 75.1ms
tactic execution of Lean.Parser.Tactic.rewriteSeq took 95ms
tactic execution of Lean.Parser.Tactic.rewriteSeq took 90.5ms
tactic execution of Lean.Parser.Tactic.rewriteSeq took 86.9ms
tactic execution of Lean.Parser.Tactic.rewriteSeq took 77.7ms
tactic execution of Lean.Parser.Tactic.rewriteSeq took 72.9ms
tactic execution of Lean.Parser.Tactic.rewriteSeq took 73.9ms
tactic execution of Lean.Parser.Tactic.rewriteSeq took 73.7ms
tactic execution of Lean.Parser.Tactic.rewriteSeq took 58.8ms
tactic execution of Lean.Parser.Tactic.omega took 213ms
tactic execution of Lean.Parser.Tactic.rewriteSeq took 76ms
tactic execution of Lean.Parser.Tactic.rewriteSeq took 101ms
tactic execution of Lean.Parser.Tactic.rewriteSeq took 95.1ms
tactic execution of Lean.Parser.Tactic.rewriteSeq took 88.9ms
tactic execution of Lean.Parser.Tactic.rewriteSeq took 75.7ms
tactic execution of Lean.Parser.Tactic.rewriteSeq took 75.3ms
tactic execution of Lean.Parser.Tactic.rewriteSeq took 77.5ms
tactic execution of Lean.Parser.Tactic.rewriteSeq took 73.9ms
tactic execution of Lean.Parser.Tactic.rewriteSeq took 59.6ms
tactic execution of Lean.Parser.Tactic.rewriteSeq took 78.9ms
tactic execution of Lean.Parser.Tactic.rewriteSeq took 100ms
tactic execution of Lean.Parser.Tactic.rewriteSeq took 93.8ms
tactic execution of Lean.Parser.Tactic.rewriteSeq took 88.1ms
tactic execution of Lean.Parser.Tactic.rewriteSeq took 77.1ms
tactic execution of Lean.Parser.Tactic.rewriteSeq took 73.6ms
tactic execution of Lean.Parser.Tactic.rewriteSeq took 73.6ms
tactic execution of Lean.Parser.Tactic.rewriteSeq took 75.9ms
tactic execution of Lean.Parser.Tactic.rewriteSeq took 61.2ms
tactic execution of Lean.Parser.Tactic.rewriteSeq took 75.9ms
tactic execution of Lean.Parser.Tactic.rewriteSeq took 101ms
tactic execution of Lean.Parser.Tactic.rewriteSeq took 93.5ms
tactic execution of Lean.Parser.Tactic.rewriteSeq took 86.8ms
tactic execution of Lean.Parser.Tactic.rewriteSeq took 76.5ms
tactic execution of Lean.Parser.Tactic.rewriteSeq took 73.3ms
tactic execution of Lean.Parser.Tactic.rewriteSeq took 77.9ms
tactic execution of Lean.Parser.Tactic.rewriteSeq took 72.8ms
tactic execution of Lean.Parser.Tactic.rewriteSeq took 60.6ms
tactic execution of Lean.Parser.Tactic.rewriteSeq took 75.7ms
tactic execution of Lean.Parser.Tactic.rewriteSeq took 98.5ms
tactic execution of Lean.Parser.Tactic.rewriteSeq took 95.5ms
tactic execution of Lean.Parser.Tactic.rewriteSeq took 87.6ms
tactic execution of Lean.Parser.Tactic.rewriteSeq took 79.6ms
tactic execution of Lean.Parser.Tactic.rewriteSeq took 74.3ms
tactic execution of Lean.Parser.Tactic.rewriteSeq took 74.5ms
tactic execution of Lean.Parser.Tactic.rewriteSeq took 74.5ms
tactic execution of Lean.Parser.Tactic.rewriteSeq took 61.7ms
tactic execution of Lean.Parser.Tactic.rewriteSeq took 76.7ms
tactic execution of Lean.Parser.Tactic.rewriteSeq took 101ms
tactic execution of Lean.Parser.Tactic.rewriteSeq took 92ms
tactic execution of Lean.Parser.Tactic.rewriteSeq took 90ms
tactic execution of Lean.Parser.Tactic.rewriteSeq took 77.2ms
tactic execution of Lean.Parser.Tactic.rewriteSeq took 72.9ms
tactic execution of Lean.Parser.Tactic.rewriteSeq took 75ms
tactic execution of Lean.Parser.Tactic.rewriteSeq took 73.7ms
tactic execution of Lean.Parser.Tactic.rewriteSeq took 60.2ms
tactic execution of Lean.Parser.Tactic.rewriteSeq took 76.5ms
tactic execution of Lean.Parser.Tactic.rewriteSeq took 101ms
tactic execution of Lean.Parser.Tactic.rewriteSeq took 96.2ms
tactic execution of Lean.Parser.Tactic.rewriteSeq took 88.4ms
tactic execution of Lean.Parser.Tactic.rewriteSeq took 78.6ms
tactic execution of Lean.Parser.Tactic.rewriteSeq took 74.3ms
tactic execution of Lean.Parser.Tactic.rewriteSeq took 75.9ms
tactic execution of Lean.Parser.Tactic.rewriteSeq took 73.9ms
tactic execution of Lean.Parser.Tactic.rewriteSeq took 59.8ms
tactic execution of Lean.Parser.Tactic.rewriteSeq took 76.9ms
tactic execution of Lean.Parser.Tactic.rewriteSeq took 99.8ms
tactic execution of Lean.Parser.Tactic.rewriteSeq took 90.6ms
tactic execution of Lean.Parser.Tactic.rewriteSeq took 87.7ms
tactic execution of Lean.Parser.Tactic.rewriteSeq took 77.8ms
tactic execution of Lean.Parser.Tactic.rewriteSeq took 71.7ms
tactic execution of Lean.Parser.Tactic.rewriteSeq took 77.3ms
tactic execution of Lean.Parser.Tactic.rewriteSeq took 73.9ms
tactic execution of Lean.Parser.Tactic.rewriteSeq took 60.8ms
tactic execution of Lean.Parser.Tactic.rewriteSeq took 76.3ms
tactic execution of Lean.Parser.Tactic.rewriteSeq took 103ms
tactic execution of Lean.Parser.Tactic.rewriteSeq took 95.1ms
tactic execution of Lean.Parser.Tactic.rewriteSeq took 86.4ms
tactic execution of Lean.Parser.Tactic.rewriteSeq took 77.1ms
tactic execution of Lean.Parser.Tactic.rewriteSeq took 71.6ms
tactic execution of Lean.Parser.Tactic.rewriteSeq took 76.9ms
tactic execution of Lean.Parser.Tactic.rewriteSeq took 75.2ms
tactic execution of Lean.Parser.Tactic.rewriteSeq took 63.1ms
tactic execution of Lean.Parser.Tactic.rewriteSeq took 76.3ms
tactic execution of Lean.Parser.Tactic.rewriteSeq took 100ms
tactic execution of Lean.Parser.Tactic.rewriteSeq took 93.2ms
tactic execution of Lean.Parser.Tactic.rewriteSeq took 88.5ms
tactic execution of Lean.Parser.Tactic.rewriteSeq took 76.2ms
tactic execution of Lean.Parser.Tactic.rewriteSeq took 72.9ms
tactic execution of Lean.Parser.Tactic.rewriteSeq took 75ms
tactic execution of Lean.Parser.Tactic.rewriteSeq took 74.5ms
tactic execution of Lean.Parser.Tactic.rewriteSeq took 60.7ms
tactic execution of Lean.Parser.Tactic.rewriteSeq took 76.2ms
tactic execution of Lean.Parser.Tactic.rewriteSeq took 104ms
tactic execution of Lean.Parser.Tactic.rewriteSeq took 96ms
tactic execution of Lean.Parser.Tactic.rewriteSeq took 86.1ms
tactic execution of Lean.Parser.Tactic.rewriteSeq took 75.9ms
tactic execution of Lean.Parser.Tactic.rewriteSeq took 74.1ms
tactic execution of Lean.Parser.Tactic.rewriteSeq took 76.9ms
tactic execution of Lean.Parser.Tactic.rewriteSeq took 73.7ms
tactic execution of Lean.Parser.Tactic.rewriteSeq took 63ms
tactic execution of Lean.Parser.Tactic.rewriteSeq took 77.3ms
tactic execution of Lean.Parser.Tactic.rewriteSeq took 103ms
tactic execution of Lean.Parser.Tactic.rewriteSeq took 94.7ms
tactic execution of Lean.Parser.Tactic.rewriteSeq took 86.1ms
tactic execution of Lean.Parser.Tactic.rewriteSeq took 77.3ms
tactic execution of Lean.Parser.Tactic.rewriteSeq took 73.9ms
tactic execution of Lean.Parser.Tactic.rewriteSeq took 78ms
tactic execution of Lean.Parser.Tactic.rewriteSeq took 74ms
tactic execution of Lean.Parser.Tactic.rewriteSeq took 63.2ms
tactic execution of Lean.Parser.Tactic.rewriteSeq took 77.2ms
tactic execution of Lean.Parser.Tactic.rewriteSeq took 99.3ms
tactic execution of Lean.Parser.Tactic.rewriteSeq took 97.4ms
tactic execution of Lean.Parser.Tactic.rewriteSeq took 90ms
tactic execution of Lean.Parser.Tactic.rewriteSeq took 79.1ms
tactic execution of Lean.Parser.Tactic.rewriteSeq took 72.3ms
tactic execution of Lean.Parser.Tactic.rewriteSeq took 77.5ms
tactic execution of Lean.Parser.Tactic.rewriteSeq took 75.1ms
tactic execution of Lean.Parser.Tactic.rewriteSeq took 62.7ms
tactic execution of Lean.Parser.Tactic.rewriteSeq took 75.7ms
tactic execution of Lean.Parser.Tactic.rewriteSeq took 99.3ms
tactic execution of Lean.Parser.Tactic.rewriteSeq took 95.6ms
tactic execution of Lean.Parser.Tactic.rewriteSeq took 86.7ms
tactic execution of Lean.Parser.Tactic.rewriteSeq took 78ms
tactic execution of Lean.Parser.Tactic.rewriteSeq took 73.7ms
tactic execution of Lean.Parser.Tactic.rewriteSeq took 75.8ms
tactic execution of Lean.Parser.Tactic.rewriteSeq took 72.4ms
tactic execution of Lean.Parser.Tactic.rewriteSeq took 61.6ms
tactic execution of Lean.Parser.Tactic.rewriteSeq took 77.4ms
tactic execution of Lean.Parser.Tactic.rewriteSeq took 101ms
tactic execution of Lean.Parser.Tactic.rewriteSeq took 94.6ms
tactic execution of Lean.Parser.Tactic.rewriteSeq took 87.4ms
tactic execution of Lean.Parser.Tactic.rewriteSeq took 79.4ms
tactic execution of Lean.Parser.Tactic.rewriteSeq took 74.2ms
tactic execution of Lean.Parser.Tactic.rewriteSeq took 75.9ms
tactic execution of Lean.Parser.Tactic.rewriteSeq took 75.1ms
tactic execution of Lean.Parser.Tactic.rewriteSeq took 60.3ms
tactic execution of Lean.Parser.Tactic.rewriteSeq took 75.9ms
tactic execution of Lean.Parser.Tactic.rewriteSeq took 98ms
tactic execution of Lean.Parser.Tactic.rewriteSeq took 93.6ms
tactic execution of Lean.Parser.Tactic.rewriteSeq took 89.6ms
tactic execution of Lean.Parser.Tactic.rewriteSeq took 75.7ms
tactic execution of Lean.Parser.Tactic.rewriteSeq took 72.4ms
tactic execution of Lean.Parser.Tactic.rewriteSeq took 75.9ms
tactic execution of Lean.Parser.Tactic.rewriteSeq took 72.5ms
tactic execution of Lean.Parser.Tactic.rewriteSeq took 60.1ms
tactic execution of Lean.Parser.Tactic.rewriteSeq took 76.4ms
tactic execution of Lean.Parser.Tactic.rewriteSeq took 100ms
tactic execution of Lean.Parser.Tactic.rewriteSeq took 97.4ms
tactic execution of Lean.Parser.Tactic.rewriteSeq took 87.1ms
tactic execution of Lean.Parser.Tactic.rewriteSeq took 77.1ms
tactic execution of Lean.Parser.Tactic.rewriteSeq took 73.1ms
tactic execution of Lean.Parser.Tactic.rewriteSeq took 75.6ms
tactic execution of Lean.Parser.Tactic.rewriteSeq took 75.9ms
tactic execution of Lean.Parser.Tactic.rewriteSeq took 60.8ms
tactic execution of Lean.Parser.Tactic.rewriteSeq took 75.2ms
tactic execution of Lean.Parser.Tactic.rewriteSeq took 97.2ms
tactic execution of Lean.Parser.Tactic.rewriteSeq took 96.2ms
tactic execution of Lean.Parser.Tactic.rewriteSeq took 86.5ms
tactic execution of Lean.Parser.Tactic.rewriteSeq took 77.7ms
tactic execution of Lean.Parser.Tactic.rewriteSeq took 73.9ms
tactic execution of Lean.Parser.Tactic.rewriteSeq took 75.6ms
tactic execution of Lean.Parser.Tactic.rewriteSeq took 73ms
tactic execution of Lean.Parser.Tactic.rewriteSeq took 60.7ms
tactic execution of Lean.Parser.Tactic.rewriteSeq took 77.8ms
tactic execution of Lean.Parser.Tactic.rewriteSeq took 99.7ms
tactic execution of Lean.Parser.Tactic.rewriteSeq took 93ms
tactic execution of Lean.Parser.Tactic.rewriteSeq took 90.4ms
tactic execution of Lean.Parser.Tactic.rewriteSeq took 78ms
tactic execution of Lean.Parser.Tactic.rewriteSeq took 74.1ms
tactic execution of Lean.Parser.Tactic.rewriteSeq took 74.3ms
tactic execution of Lean.Parser.Tactic.rewriteSeq took 72.8ms
tactic execution of Lean.Parser.Tactic.rewriteSeq took 64.3ms
tactic execution of Lean.Parser.Tactic.rewriteSeq took 76.3ms
tactic execution of Lean.Parser.Tactic.rewriteSeq took 95.9ms
tactic execution of Lean.Parser.Tactic.rewriteSeq took 98ms
tactic execution of Lean.Parser.Tactic.rewriteSeq took 87.4ms
tactic execution of Lean.Parser.Tactic.rewriteSeq took 79ms
tactic execution of Lean.Parser.Tactic.rewriteSeq took 75.1ms
tactic execution of Lean.Parser.Tactic.rewriteSeq took 75.4ms
tactic execution of Lean.Parser.Tactic.rewriteSeq took 73.6ms
tactic execution of Lean.Parser.Tactic.rewriteSeq took 60.9ms
tactic execution of Lean.Parser.Tactic.rewriteSeq took 78.1ms
tactic execution of Lean.Parser.Tactic.rewriteSeq took 99.5ms
tactic execution of Lean.Parser.Tactic.rewriteSeq took 94.6ms
tactic execution of Lean.Parser.Tactic.rewriteSeq took 87.3ms
tactic execution of Lean.Parser.Tactic.rewriteSeq took 77.5ms
tactic execution of Lean.Parser.Tactic.rewriteSeq took 73.3ms
tactic execution of Lean.Parser.Tactic.rewriteSeq took 74.9ms
tactic execution of Lean.Parser.Tactic.rewriteSeq took 75.6ms
tactic execution of Lean.Parser.Tactic.rewriteSeq took 59.4ms
tactic execution of Lean.Parser.Tactic.rewriteSeq took 76.2ms
tactic execution of Lean.Parser.Tactic.rewriteSeq took 98.1ms
tactic execution of Lean.Parser.Tactic.rewriteSeq took 95.2ms
tactic execution of Lean.Parser.Tactic.rewriteSeq took 89.4ms
tactic execution of Lean.Parser.Tactic.rewriteSeq took 78.6ms
tactic execution of Lean.Parser.Tactic.rewriteSeq took 75.3ms
tactic execution of Lean.Parser.Tactic.rewriteSeq took 77.2ms
tactic execution of Lean.Parser.Tactic.rewriteSeq took 73.4ms
tactic execution of Lean.Parser.Tactic.rewriteSeq took 60ms
tactic execution of Lean.Parser.Tactic.rewriteSeq took 76.3ms
tactic execution of Lean.Parser.Tactic.rewriteSeq took 99.9ms
tactic execution of Lean.Parser.Tactic.rewriteSeq took 97.5ms
tactic execution of Lean.Parser.Tactic.rewriteSeq took 88.7ms
tactic execution of Lean.Parser.Tactic.rewriteSeq took 79.9ms
tactic execution of Lean.Parser.Tactic.rewriteSeq took 74.8ms
tactic execution of Lean.Parser.Tactic.rewriteSeq took 73.4ms
tactic execution of Lean.Parser.Tactic.rewriteSeq took 73.9ms
tactic execution of Lean.Parser.Tactic.rewriteSeq took 60.8ms
tactic execution of Lean.Parser.Tactic.rewriteSeq took 76.2ms
tactic execution of Lean.Parser.Tactic.rewriteSeq took 98.3ms
tactic execution of Lean.Parser.Tactic.rewriteSeq took 95.6ms
tactic execution of Lean.Parser.Tactic.rewriteSeq took 86.8ms
tactic execution of Lean.Parser.Tactic.rewriteSeq took 80ms
tactic execution of Lean.Parser.Tactic.rewriteSeq took 72.7ms
tactic execution of Lean.Parser.Tactic.rewriteSeq took 74.3ms
tactic execution of Lean.Parser.Tactic.rewriteSeq took 74.1ms
tactic execution of Lean.Parser.Tactic.rewriteSeq took 59.1ms
tactic execution of Lean.Parser.Tactic.rewriteSeq took 75.8ms
tactic execution of Lean.Parser.Tactic.rewriteSeq took 99.9ms
tactic execution of Lean.Parser.Tactic.rewriteSeq took 96.5ms
tactic execution of Lean.Parser.Tactic.rewriteSeq took 86.8ms
tactic execution of Lean.Parser.Tactic.rewriteSeq took 77.6ms
tactic execution of Lean.Parser.Tactic.rewriteSeq took 74ms
tactic execution of Lean.Parser.Tactic.rewriteSeq took 75.6ms
tactic execution of Lean.Parser.Tactic.rewriteSeq took 72.8ms
tactic execution of Lean.Parser.Tactic.rewriteSeq took 60.2ms
tactic execution of Lean.Parser.Tactic.rewriteSeq took 74.2ms
tactic execution of Lean.Parser.Tactic.rewriteSeq took 97.8ms
tactic execution of Lean.Parser.Tactic.rewriteSeq took 93.8ms
tactic execution of Lean.Parser.Tactic.rewriteSeq took 89.4ms
tactic execution of Lean.Parser.Tactic.rewriteSeq took 75.3ms
tactic execution of Lean.Parser.Tactic.rewriteSeq took 73.5ms
tactic execution of Lean.Parser.Tactic.rewriteSeq took 75.4ms
tactic execution of Lean.Parser.Tactic.rewriteSeq took 73ms
tactic execution of Lean.Parser.Tactic.rewriteSeq took 60.1ms
tactic execution of Lean.Parser.Tactic.rewriteSeq took 77ms
tactic execution of Lean.Parser.Tactic.rewriteSeq took 96.8ms
tactic execution of Lean.Parser.Tactic.rewriteSeq took 95.2ms
tactic execution of Lean.Parser.Tactic.rewriteSeq took 88.9ms
tactic execution of Lean.Parser.Tactic.rewriteSeq took 75.7ms
tactic execution of Lean.Parser.Tactic.rewriteSeq took 72.7ms
tactic execution of Lean.Parser.Tactic.rewriteSeq took 74.7ms
tactic execution of Lean.Parser.Tactic.rewriteSeq took 75.6ms
tactic execution of Lean.Parser.Tactic.rewriteSeq took 60.5ms
tactic execution of Lean.Parser.Tactic.rewriteSeq took 78.3ms
tactic execution of Lean.Parser.Tactic.rewriteSeq took 97.3ms
tactic execution of Lean.Parser.Tactic.rewriteSeq took 93.3ms
tactic execution of Lean.Parser.Tactic.rewriteSeq took 89.9ms
tactic execution of Lean.Parser.Tactic.rewriteSeq took 79.8ms
tactic execution of Lean.Parser.Tactic.rewriteSeq took 75.1ms
tactic execution of Lean.Parser.Tactic.rewriteSeq took 73.3ms
tactic execution of Lean.Parser.Tactic.rewriteSeq took 75.2ms
tactic execution of Lean.Parser.Tactic.rewriteSeq took 60.3ms
tactic execution of Lean.Parser.Tactic.rewriteSeq took 76.8ms
tactic execution of Lean.Parser.Tactic.rewriteSeq took 98.6ms
tactic execution of Lean.Parser.Tactic.rewriteSeq took 93.6ms
tactic execution of Lean.Parser.Tactic.rewriteSeq took 87.1ms
tactic execution of Lean.Parser.Tactic.rewriteSeq took 75.8ms
tactic execution of Lean.Parser.Tactic.rewriteSeq took 72ms
tactic execution of Lean.Parser.Tactic.rewriteSeq took 73.3ms
tactic execution of Lean.Parser.Tactic.rewriteSeq took 72.7ms
tactic execution of Lean.Parser.Tactic.rewriteSeq took 59.1ms
tactic execution of Lean.Parser.Tactic.rewriteSeq took 77.7ms
tactic execution of Lean.Parser.Tactic.rewriteSeq took 102ms
tactic execution of Lean.Parser.Tactic.rewriteSeq took 94.5ms
tactic execution of Lean.Parser.Tactic.rewriteSeq took 88.1ms
tactic execution of Lean.Parser.Tactic.rewriteSeq took 75.3ms
tactic execution of Lean.Parser.Tactic.rewriteSeq took 75.9ms
tactic execution of Lean.Parser.Tactic.rewriteSeq took 75.4ms
tactic execution of Lean.Parser.Tactic.rewriteSeq took 74ms
tactic execution of Lean.Parser.Tactic.rewriteSeq took 60.8ms
tactic execution of Lean.Parser.Tactic.rewriteSeq took 74.6ms
tactic execution of Lean.Parser.Tactic.rewriteSeq took 96.5ms
tactic execution of Lean.Parser.Tactic.rewriteSeq took 95ms
tactic execution of Lean.Parser.Tactic.rewriteSeq took 88.8ms
tactic execution of Lean.Parser.Tactic.rewriteSeq took 76.5ms
tactic execution of Lean.Parser.Tactic.rewriteSeq took 76.1ms
tactic execution of Lean.Parser.Tactic.rewriteSeq took 75.2ms
tactic execution of Lean.Parser.Tactic.rewriteSeq took 73.1ms
tactic execution of Lean.Parser.Tactic.rewriteSeq took 60.2ms
tactic execution of Lean.Parser.Tactic.rewriteSeq took 76.8ms
tactic execution of Lean.Parser.Tactic.rewriteSeq took 97.3ms
tactic execution of Lean.Parser.Tactic.rewriteSeq took 92.7ms
tactic execution of Lean.Parser.Tactic.rewriteSeq took 90.2ms
tactic execution of Lean.Parser.Tactic.rewriteSeq took 74.7ms
tactic execution of Lean.Parser.Tactic.rewriteSeq took 73.8ms
tactic execution of Lean.Parser.Tactic.rewriteSeq took 74.9ms
tactic execution of Lean.Parser.Tactic.rewriteSeq took 75.7ms
tactic execution of Lean.Parser.Tactic.rewriteSeq took 61.5ms
tactic execution of Lean.Parser.Tactic.rewriteSeq took 75.7ms
tactic execution of Lean.Parser.Tactic.rewriteSeq took 98.1ms
tactic execution of Lean.Parser.Tactic.rewriteSeq took 92.3ms
tactic execution of Lean.Parser.Tactic.rewriteSeq took 87ms
tactic execution of Lean.Parser.Tactic.rewriteSeq took 75ms
tactic execution of Lean.Parser.Tactic.rewriteSeq took 75.4ms
tactic execution of Lean.Parser.Tactic.rewriteSeq took 73.5ms
tactic execution of Lean.Parser.Tactic.rewriteSeq took 76ms
tactic execution of Lean.Parser.Tactic.rewriteSeq took 60.1ms
tactic execution of Lean.Parser.Tactic.rewriteSeq took 76.4ms
tactic execution of Lean.Parser.Tactic.rewriteSeq took 98.6ms
tactic execution of Lean.Parser.Tactic.rewriteSeq took 91.8ms
tactic execution of Lean.Parser.Tactic.rewriteSeq took 91.5ms
tactic execution of Lean.Parser.Tactic.rewriteSeq took 76.9ms
tactic execution of Lean.Parser.Tactic.rewriteSeq took 75.9ms
tactic execution of Lean.Parser.Tactic.rewriteSeq took 74ms
tactic execution of Lean.Parser.Tactic.rewriteSeq took 74.4ms
tactic execution of Lean.Parser.Tactic.rewriteSeq took 61.1ms
tactic execution of Lean.Parser.Tactic.rewriteSeq took 77.2ms
tactic execution of Lean.Parser.Tactic.rewriteSeq took 102ms
tactic execution of Lean.Parser.Tactic.rewriteSeq took 94.5ms
tactic execution of Lean.Parser.Tactic.rewriteSeq took 90.2ms
tactic execution of Lean.Parser.Tactic.rewriteSeq took 76.9ms
tactic execution of Lean.Parser.Tactic.rewriteSeq took 74.8ms
tactic execution of Lean.Parser.Tactic.rewriteSeq took 74.7ms
tactic execution of Lean.Parser.Tactic.rewriteSeq took 76.3ms
tactic execution of Lean.Parser.Tactic.rewriteSeq took 61.2ms
tactic execution of Lean.Parser.Tactic.rewriteSeq took 76.3ms
tactic execution of Lean.Parser.Tactic.rewriteSeq took 100ms
tactic execution of Lean.Parser.Tactic.rewriteSeq took 93.8ms
tactic execution of Lean.Parser.Tactic.rewriteSeq took 91.6ms
tactic execution of Lean.Parser.Tactic.rewriteSeq took 76.3ms
tactic execution of Lean.Parser.Tactic.rewriteSeq took 77.9ms
tactic execution of Lean.Parser.Tactic.rewriteSeq took 75.8ms
tactic execution of Lean.Parser.Tactic.rewriteSeq took 73.5ms
tactic execution of Lean.Parser.Tactic.rewriteSeq took 61.7ms
tactic execution of Lean.Parser.Tactic.rewriteSeq took 76.8ms
tactic execution of Lean.Parser.Tactic.rewriteSeq took 98.6ms
tactic execution of Lean.Parser.Tactic.rewriteSeq took 97.5ms
tactic execution of Lean.Parser.Tactic.rewriteSeq took 90.9ms
tactic execution of Lean.Parser.Tactic.rewriteSeq took 76.6ms
tactic execution of Lean.Parser.Tactic.rewriteSeq took 75ms
tactic execution of Lean.Parser.Tactic.rewriteSeq took 74ms
tactic execution of Lean.Parser.Tactic.rewriteSeq took 74.5ms
tactic execution of Lean.Parser.Tactic.rewriteSeq took 62.1ms
tactic execution of Lean.Parser.Tactic.rewriteSeq took 78.7ms
tactic execution of Lean.Parser.Tactic.rewriteSeq took 99.7ms
tactic execution of Lean.Parser.Tactic.rewriteSeq took 94.3ms
tactic execution of Lean.Parser.Tactic.rewriteSeq took 90.7ms
tactic execution of Lean.Parser.Tactic.rewriteSeq took 78.6ms
tactic execution of Lean.Parser.Tactic.rewriteSeq took 77.1ms
tactic execution of Lean.Parser.Tactic.rewriteSeq took 74.7ms
tactic execution of Lean.Parser.Tactic.rewriteSeq took 76.6ms
tactic execution of Lean.Parser.Tactic.rewriteSeq took 61ms
tactic execution of Lean.Parser.Tactic.rewriteSeq took 75.3ms
tactic execution of Lean.Parser.Tactic.rewriteSeq took 98.8ms
tactic execution of Lean.Parser.Tactic.rewriteSeq took 94.8ms
tactic execution of Lean.Parser.Tactic.rewriteSeq took 89.5ms
tactic execution of Lean.Parser.Tactic.rewriteSeq took 76.1ms
tactic execution of Lean.Parser.Tactic.rewriteSeq took 73.6ms
tactic execution of Lean.Parser.Tactic.rewriteSeq took 74.1ms
tactic execution of Lean.Parser.Tactic.rewriteSeq took 73.7ms
tactic execution of Lean.Parser.Tactic.rewriteSeq took 62.2ms
tactic execution of Lean.Parser.Tactic.rewriteSeq took 75.6ms
tactic execution of Lean.Parser.Tactic.rewriteSeq took 100ms
tactic execution of Lean.Parser.Tactic.rewriteSeq took 93.5ms
tactic execution of Lean.Parser.Tactic.rewriteSeq took 90.8ms
tactic execution of Lean.Parser.Tactic.rewriteSeq took 75.5ms
tactic execution of Lean.Parser.Tactic.rewriteSeq took 73.8ms
tactic execution of Lean.Parser.Tactic.rewriteSeq took 73.3ms
tactic execution of Lean.Parser.Tactic.rewriteSeq took 73ms
tactic execution of Lean.Parser.Tactic.rewriteSeq took 65.5ms
tactic execution of Lean.Parser.Tactic.rewriteSeq took 77.4ms
tactic execution of Lean.Parser.Tactic.rewriteSeq took 100ms
tactic execution of Lean.Parser.Tactic.rewriteSeq took 94.5ms
tactic execution of Lean.Parser.Tactic.rewriteSeq took 89.1ms
tactic execution of Lean.Parser.Tactic.rewriteSeq took 73.9ms
tactic execution of Lean.Parser.Tactic.rewriteSeq took 75.9ms
tactic execution of Lean.Parser.Tactic.rewriteSeq took 74.9ms
tactic execution of Lean.Parser.Tactic.rewriteSeq took 72.5ms
tactic execution of Lean.Parser.Tactic.rewriteSeq took 63.6ms
tactic execution of Lean.Parser.Tactic.rewriteSeq took 77.8ms
tactic execution of Lean.Parser.Tactic.rewriteSeq took 102ms
tactic execution of Lean.Parser.Tactic.rewriteSeq took 93.8ms
tactic execution of Lean.Parser.Tactic.rewriteSeq took 92.1ms
tactic execution of Lean.Parser.Tactic.rewriteSeq took 76.1ms
tactic execution of Lean.Parser.Tactic.rewriteSeq took 74.8ms
tactic execution of Lean.Parser.Tactic.rewriteSeq took 77.5ms
tactic execution of Lean.Parser.Tactic.rewriteSeq took 75.6ms
tactic execution of Lean.Parser.Tactic.rewriteSeq took 63.1ms
tactic execution of Lean.Parser.Tactic.rewriteSeq took 75.5ms
tactic execution of Lean.Parser.Tactic.rewriteSeq took 100ms
tactic execution of Lean.Parser.Tactic.rewriteSeq took 93.5ms
tactic execution of Lean.Parser.Tactic.rewriteSeq took 92.1ms
tactic execution of Lean.Parser.Tactic.rewriteSeq took 76.7ms
tactic execution of Lean.Parser.Tactic.rewriteSeq took 73.5ms
tactic execution of Lean.Parser.Tactic.rewriteSeq took 72.1ms
tactic execution of Lean.Parser.Tactic.rewriteSeq took 72.2ms
tactic execution of Lean.Parser.Tactic.rewriteSeq took 62.3ms
tactic execution of Lean.Parser.Tactic.rewriteSeq took 78ms
tactic execution of Lean.Parser.Tactic.rewriteSeq took 97.3ms
tactic execution of Lean.Parser.Tactic.rewriteSeq took 94.7ms
tactic execution of Lean.Parser.Tactic.rewriteSeq took 91.2ms
tactic execution of Lean.Parser.Tactic.rewriteSeq took 75.2ms
tactic execution of Lean.Parser.Tactic.rewriteSeq took 74.1ms
tactic execution of Lean.Parser.Tactic.rewriteSeq took 73.6ms
tactic execution of Lean.Parser.Tactic.rewriteSeq took 75.8ms
tactic execution of Lean.Parser.Tactic.rewriteSeq took 65.1ms
tactic execution of Lean.Parser.Tactic.rewriteSeq took 75.5ms
tactic execution of Lean.Parser.Tactic.rewriteSeq took 99.6ms
tactic execution of Lean.Parser.Tactic.rewriteSeq took 88.5ms
tactic execution of Lean.Parser.Tactic.rewriteSeq took 92.4ms
tactic execution of Lean.Parser.Tactic.rewriteSeq took 76.6ms
tactic execution of Lean.Parser.Tactic.rewriteSeq took 75.6ms
tactic execution of Lean.Parser.Tactic.rewriteSeq took 75.6ms
tactic execution of Lean.Parser.Tactic.rewriteSeq took 74.1ms
tactic execution of Lean.Parser.Tactic.rewriteSeq took 62ms
tactic execution of Lean.Parser.Tactic.rewriteSeq took 75.8ms
tactic execution of Lean.Parser.Tactic.rewriteSeq took 98.4ms
tactic execution of Lean.Parser.Tactic.rewriteSeq took 91.6ms
tactic execution of Lean.Parser.Tactic.rewriteSeq took 89.9ms
tactic execution of Lean.Parser.Tactic.rewriteSeq took 76.3ms
tactic execution of Lean.Parser.Tactic.rewriteSeq took 73.6ms
tactic execution of Lean.Parser.Tactic.rewriteSeq took 76.2ms
tactic execution of Lean.Parser.Tactic.rewriteSeq took 72.7ms
tactic execution of Lean.Parser.Tactic.rewriteSeq took 61.6ms
tactic execution of Lean.Parser.Tactic.rewriteSeq took 77.2ms
tactic execution of Lean.Parser.Tactic.rewriteSeq took 96.4ms
tactic execution of Lean.Parser.Tactic.rewriteSeq took 91.1ms
tactic execution of Lean.Parser.Tactic.rewriteSeq took 89.2ms
tactic execution of Lean.Parser.Tactic.rewriteSeq took 75.7ms
tactic execution of Lean.Parser.Tactic.rewriteSeq took 73.5ms
tactic execution of Lean.Parser.Tactic.rewriteSeq took 77.8ms
tactic execution of Lean.Parser.Tactic.rewriteSeq took 72.8ms
tactic execution of Lean.Parser.Tactic.rewriteSeq took 63.3ms
tactic execution of Lean.Parser.Tactic.rewriteSeq took 77.1ms
tactic execution of Lean.Parser.Tactic.rewriteSeq took 99.1ms
tactic execution of Lean.Parser.Tactic.rewriteSeq took 92.7ms
tactic execution of Lean.Parser.Tactic.rewriteSeq took 90.5ms
tactic execution of Lean.Parser.Tactic.rewriteSeq took 74.9ms
tactic execution of Lean.Parser.Tactic.rewriteSeq took 74.7ms
tactic execution of Lean.Parser.Tactic.rewriteSeq took 75ms
tactic execution of Lean.Parser.Tactic.rewriteSeq took 72.7ms
tactic execution of Lean.Parser.Tactic.rewriteSeq took 63.9ms
tactic execution of Lean.Parser.Tactic.rewriteSeq took 76.7ms
tactic execution of Lean.Parser.Tactic.rewriteSeq took 97.9ms
tactic execution of Lean.Parser.Tactic.rewriteSeq took 93ms
tactic execution of Lean.Parser.Tactic.rewriteSeq took 91.9ms
tactic execution of Lean.Parser.Tactic.rewriteSeq took 75.1ms
tactic execution of Lean.Parser.Tactic.rewriteSeq took 73.5ms
tactic execution of Lean.Parser.Tactic.rewriteSeq took 76.4ms
tactic execution of Lean.Parser.Tactic.rewriteSeq took 72.7ms
tactic execution of Lean.Parser.Tactic.rewriteSeq took 65.4ms
tactic execution of Lean.Parser.Tactic.rewriteSeq took 76.5ms
tactic execution of Lean.Parser.Tactic.rewriteSeq took 98.1ms
tactic execution of Lean.Parser.Tactic.rewriteSeq took 90ms
tactic execution of Lean.Parser.Tactic.rewriteSeq took 90.4ms
tactic execution of Lean.Parser.Tactic.rewriteSeq took 75.1ms
tactic execution of Lean.Parser.Tactic.rewriteSeq took 74ms
tactic execution of Lean.Parser.Tactic.rewriteSeq took 76.3ms
tactic execution of Lean.Parser.Tactic.rewriteSeq took 72.6ms
tactic execution of Lean.Parser.Tactic.rewriteSeq took 64.5ms
tactic execution of Lean.Parser.Tactic.rewriteSeq took 75.2ms
tactic execution of Lean.Parser.Tactic.rewriteSeq took 99.8ms
tactic execution of Lean.Parser.Tactic.rewriteSeq took 91.8ms
tactic execution of Lean.Parser.Tactic.rewriteSeq took 91.9ms
tactic execution of Lean.Parser.Tactic.rewriteSeq took 78.7ms
tactic execution of Lean.Parser.Tactic.rewriteSeq took 74.3ms
tactic execution of Lean.Parser.Tactic.rewriteSeq took 77.5ms
tactic execution of Lean.Parser.Tactic.rewriteSeq took 73.3ms
tactic execution of Lean.Parser.Tactic.rewriteSeq took 60.8ms
tactic execution of Lean.Parser.Tactic.rewriteSeq took 74.3ms
tactic execution of Lean.Parser.Tactic.rewriteSeq took 100ms
tactic execution of Lean.Parser.Tactic.rewriteSeq took 92.8ms
tactic execution of Lean.Parser.Tactic.rewriteSeq took 92.7ms
tactic execution of Lean.Parser.Tactic.rewriteSeq took 74.2ms
tactic execution of Lean.Parser.Tactic.rewriteSeq took 71.1ms
tactic execution of Lean.Parser.Tactic.rewriteSeq took 76.7ms
tactic execution of Lean.Parser.Tactic.rewriteSeq took 73.3ms
tactic execution of Lean.Parser.Tactic.rewriteSeq took 61.1ms
tactic execution of Lean.Parser.Tactic.rewriteSeq took 76.9ms
tactic execution of Lean.Parser.Tactic.rewriteSeq took 101ms
tactic execution of Lean.Parser.Tactic.rewriteSeq took 92.2ms
tactic execution of Lean.Parser.Tactic.rewriteSeq took 88.4ms
tactic execution of Lean.Parser.Tactic.rewriteSeq took 79.1ms
tactic execution of Lean.Parser.Tactic.rewriteSeq took 72.1ms
tactic execution of Lean.Parser.Tactic.rewriteSeq took 76.7ms
tactic execution of Lean.Parser.Tactic.rewriteSeq took 74.1ms
tactic execution of Lean.Parser.Tactic.rewriteSeq took 61.7ms
tactic execution of Lean.Parser.Tactic.rewriteSeq took 76ms
tactic execution of Lean.Parser.Tactic.rewriteSeq took 104ms
tactic execution of Lean.Parser.Tactic.rewriteSeq took 96.7ms
tactic execution of Lean.Parser.Tactic.rewriteSeq took 87.5ms
tactic execution of Lean.Parser.Tactic.rewriteSeq took 81.4ms
tactic execution of Lean.Parser.Tactic.rewriteSeq took 72.4ms
tactic execution of Lean.Parser.Tactic.rewriteSeq took 78ms
tactic execution of Lean.Parser.Tactic.rewriteSeq took 75ms
tactic execution of Lean.Parser.Tactic.rewriteSeq took 62.1ms
tactic execution of Lean.Parser.Tactic.rewriteSeq took 76.4ms
tactic execution of Lean.Parser.Tactic.rewriteSeq took 103ms
tactic execution of Lean.Parser.Tactic.rewriteSeq took 91.8ms
tactic execution of Lean.Parser.Tactic.rewriteSeq took 86.3ms
tactic execution of Lean.Parser.Tactic.rewriteSeq took 78.3ms
tactic execution of Lean.Parser.Tactic.rewriteSeq took 71.5ms
tactic execution of Lean.Parser.Tactic.rewriteSeq took 78.1ms
tactic execution of Lean.Parser.Tactic.rewriteSeq took 72.3ms
tactic execution of Lean.Parser.Tactic.rewriteSeq took 61.4ms
tactic execution of Lean.Parser.Tactic.rewriteSeq took 78.8ms
tactic execution of Lean.Parser.Tactic.rewriteSeq took 101ms
tactic execution of Lean.Parser.Tactic.rewriteSeq took 93.2ms
tactic execution of Lean.Parser.Tactic.rewriteSeq took 88.4ms
tactic execution of Lean.Parser.Tactic.rewriteSeq took 79.7ms
tactic execution of Lean.Parser.Tactic.rewriteSeq took 74.8ms
tactic execution of Lean.Parser.Tactic.rewriteSeq took 76.3ms
tactic execution of Lean.Parser.Tactic.rewriteSeq took 74.2ms
tactic execution of Lean.Parser.Tactic.rewriteSeq took 62.1ms
tactic execution of Lean.Parser.Tactic.rewriteSeq took 75.8ms
tactic execution of Lean.Parser.Tactic.rewriteSeq took 102ms
tactic execution of Lean.Parser.Tactic.rewriteSeq took 94.1ms
tactic execution of Lean.Parser.Tactic.rewriteSeq took 86.6ms
tactic execution of Lean.Parser.Tactic.rewriteSeq took 77.4ms
tactic execution of Lean.Parser.Tactic.rewriteSeq took 72.9ms
tactic execution of Lean.Parser.Tactic.rewriteSeq took 76.6ms
tactic execution of Lean.Parser.Tactic.rewriteSeq took 73.2ms
tactic execution of Lean.Parser.Tactic.rewriteSeq took 60.8ms
tactic execution of Lean.Parser.Tactic.rewriteSeq took 77.1ms
tactic execution of Lean.Parser.Tactic.rewriteSeq took 102ms
tactic execution of Lean.Parser.Tactic.rewriteSeq took 97.2ms
tactic execution of Lean.Parser.Tactic.rewriteSeq took 87.1ms
tactic execution of Lean.Parser.Tactic.rewriteSeq took 81ms
tactic execution of Lean.Parser.Tactic.rewriteSeq took 76.7ms
tactic execution of Lean.Parser.Tactic.rewriteSeq took 76.1ms
tactic execution of Lean.Parser.Tactic.rewriteSeq took 74.6ms
tactic execution of Lean.Parser.Tactic.rewriteSeq took 61.8ms
tactic execution of Lean.Parser.Tactic.rewriteSeq took 76.4ms
tactic execution of Lean.Parser.Tactic.rewriteSeq took 101ms
tactic execution of Lean.Parser.Tactic.rewriteSeq took 94.1ms
tactic execution of Lean.Parser.Tactic.rewriteSeq took 86.7ms
tactic execution of Lean.Parser.Tactic.rewriteSeq took 77.3ms
tactic execution of Lean.Parser.Tactic.rewriteSeq took 72.8ms
tactic execution of Lean.Parser.Tactic.rewriteSeq took 75.7ms
tactic execution of Lean.Parser.Tactic.rewriteSeq took 73.7ms
tactic execution of Lean.Parser.Tactic.rewriteSeq took 61.5ms
tactic execution of Lean.Parser.Tactic.rewriteSeq took 78.3ms
tactic execution of Lean.Parser.Tactic.rewriteSeq took 99.9ms
tactic execution of Lean.Parser.Tactic.rewriteSeq took 99ms
tactic execution of Lean.Parser.Tactic.rewriteSeq took 86ms
tactic execution of Lean.Parser.Tactic.rewriteSeq took 80ms
tactic execution of Lean.Parser.Tactic.rewriteSeq took 74.8ms
tactic execution of Lean.Parser.Tactic.rewriteSeq took 76.9ms
tactic execution of Lean.Parser.Tactic.rewriteSeq took 74.9ms
tactic execution of Lean.Parser.Tactic.rewriteSeq took 62.5ms
tactic execution of Lean.Parser.Tactic.rewriteSeq took 76.5ms
tactic execution of Lean.Parser.Tactic.rewriteSeq took 101ms
tactic execution of Lean.Parser.Tactic.rewriteSeq took 93.8ms
tactic execution of Lean.Parser.Tactic.rewriteSeq took 90.5ms
tactic execution of Lean.Parser.Tactic.rewriteSeq took 77.9ms
tactic execution of Lean.Parser.Tactic.rewriteSeq took 74.7ms
tactic execution of Lean.Parser.Tactic.rewriteSeq took 76.8ms
tactic execution of Lean.Parser.Tactic.rewriteSeq took 74.7ms
tactic execution of Lean.Parser.Tactic.rewriteSeq took 61.5ms
tactic execution of Lean.Parser.Tactic.rewriteSeq took 78.2ms
tactic execution of Lean.Parser.Tactic.rewriteSeq took 103ms
tactic execution of Lean.Parser.Tactic.rewriteSeq took 98.1ms
tactic execution of Lean.Parser.Tactic.rewriteSeq took 89.7ms
tactic execution of Lean.Parser.Tactic.rewriteSeq took 81.5ms
tactic execution of Lean.Parser.Tactic.rewriteSeq took 73.2ms
tactic execution of Lean.Parser.Tactic.rewriteSeq took 76.5ms
tactic execution of Lean.Parser.Tactic.rewriteSeq took 73.2ms
tactic execution of Lean.Parser.Tactic.rewriteSeq took 63.3ms
tactic execution of Lean.Parser.Tactic.rewriteSeq took 75.8ms
tactic execution of Lean.Parser.Tactic.rewriteSeq took 99.2ms
tactic execution of Lean.Parser.Tactic.rewriteSeq took 95.2ms
tactic execution of Lean.Parser.Tactic.rewriteSeq took 90ms
tactic execution of Lean.Parser.Tactic.rewriteSeq took 79.2ms
tactic execution of Lean.Parser.Tactic.rewriteSeq took 74.9ms
tactic execution of Lean.Parser.Tactic.rewriteSeq took 76.5ms
tactic execution of Lean.Parser.Tactic.rewriteSeq took 73.5ms
tactic execution of Lean.Parser.Tactic.rewriteSeq took 62.8ms
tactic execution of Lean.Parser.Tactic.rewriteSeq took 77ms
tactic execution of Lean.Parser.Tactic.rewriteSeq took 102ms
tactic execution of Lean.Parser.Tactic.rewriteSeq took 96.1ms
tactic execution of Lean.Parser.Tactic.rewriteSeq took 89ms
tactic execution of Lean.Parser.Tactic.rewriteSeq took 79.5ms
tactic execution of Lean.Parser.Tactic.rewriteSeq took 74.3ms
tactic execution of Lean.Parser.Tactic.rewriteSeq took 78.6ms
tactic execution of Lean.Parser.Tactic.rewriteSeq took 75.9ms
tactic execution of Lean.Parser.Tactic.rewriteSeq took 62.9ms
tactic execution of Lean.Parser.Tactic.rewriteSeq took 78.5ms
tactic execution of Lean.Parser.Tactic.rewriteSeq took 99.5ms
tactic execution of Lean.Parser.Tactic.rewriteSeq took 98.2ms
tactic execution of Lean.Parser.Tactic.rewriteSeq took 87.9ms
tactic execution of Lean.Parser.Tactic.rewriteSeq took 80.3ms
tactic execution of Lean.Parser.Tactic.rewriteSeq took 70.6ms
tactic execution of Lean.Parser.Tactic.rewriteSeq took 74.6ms
tactic execution of Lean.Parser.Tactic.rewriteSeq took 72ms
tactic execution of Lean.Parser.Tactic.rewriteSeq took 60.2ms
tactic execution of Lean.Parser.Tactic.rewriteSeq took 79.5ms
tactic execution of Lean.Parser.Tactic.rewriteSeq took 100ms
tactic execution of Lean.Parser.Tactic.rewriteSeq took 99.2ms
tactic execution of Lean.Parser.Tactic.rewriteSeq took 90.6ms
tactic execution of Lean.Parser.Tactic.rewriteSeq took 78.4ms
tactic execution of Lean.Parser.Tactic.rewriteSeq took 73.3ms
tactic execution of Lean.Parser.Tactic.rewriteSeq took 76.2ms
tactic execution of Lean.Parser.Tactic.rewriteSeq took 75.2ms
tactic execution of Lean.Parser.Tactic.rewriteSeq took 60.7ms
tactic execution of Lean.Parser.Tactic.rewriteSeq took 78.3ms
tactic execution of Lean.Parser.Tactic.rewriteSeq took 98.8ms
tactic execution of Lean.Parser.Tactic.rewriteSeq took 97.7ms
tactic execution of Lean.Parser.Tactic.rewriteSeq took 86.1ms
tactic execution of Lean.Parser.Tactic.rewriteSeq took 78.4ms
tactic execution of Lean.Parser.Tactic.rewriteSeq took 72.2ms
tactic execution of Lean.Parser.Tactic.rewriteSeq took 76.1ms
tactic execution of Lean.Parser.Tactic.rewriteSeq took 72.8ms
tactic execution of Lean.Parser.Tactic.rewriteSeq took 59ms
tactic execution of Lean.Parser.Tactic.rewriteSeq took 78.5ms
tactic execution of Lean.Parser.Tactic.rewriteSeq took 102ms
tactic execution of Lean.Parser.Tactic.rewriteSeq took 99.5ms
tactic execution of Lean.Parser.Tactic.rewriteSeq took 88.8ms
tactic execution of Lean.Parser.Tactic.rewriteSeq took 79ms
tactic execution of Lean.Parser.Tactic.rewriteSeq took 75ms
tactic execution of Lean.Parser.Tactic.rewriteSeq took 75.5ms
tactic execution of Lean.Parser.Tactic.rewriteSeq took 73.6ms
tactic execution of Lean.Parser.Tactic.rewriteSeq took 60.9ms
tactic execution of Lean.Parser.Tactic.rewriteSeq took 77.6ms
tactic execution of Lean.Parser.Tactic.rewriteSeq took 97.6ms
tactic execution of Lean.Parser.Tactic.rewriteSeq took 94.7ms
tactic execution of Lean.Parser.Tactic.rewriteSeq took 86.7ms
tactic execution of Lean.Parser.Tactic.rewriteSeq took 76.7ms
tactic execution of Lean.Parser.Tactic.rewriteSeq took 72.6ms
tactic execution of Lean.Parser.Tactic.rewriteSeq took 74.4ms
tactic execution of Lean.Parser.Tactic.rewriteSeq took 75.3ms
tactic execution of Lean.Parser.Tactic.rewriteSeq took 61.4ms
tactic execution of Lean.Parser.Tactic.rewriteSeq took 76.3ms
tactic execution of Lean.Parser.Tactic.rewriteSeq took 100ms
tactic execution of Lean.Parser.Tactic.rewriteSeq took 97.2ms
tactic execution of Lean.Parser.Tactic.rewriteSeq took 89.1ms
tactic execution of Lean.Parser.Tactic.rewriteSeq took 77.8ms
tactic execution of Lean.Parser.Tactic.rewriteSeq took 73.4ms
tactic execution of Lean.Parser.Tactic.rewriteSeq took 74.4ms
tactic execution of Lean.Parser.Tactic.rewriteSeq took 72.5ms
tactic execution of Lean.Parser.Tactic.rewriteSeq took 61.4ms
tactic execution of Lean.Parser.Tactic.rewriteSeq took 77.1ms
tactic execution of Lean.Parser.Tactic.rewriteSeq took 99ms
tactic execution of Lean.Parser.Tactic.rewriteSeq took 97.3ms
tactic execution of Lean.Parser.Tactic.rewriteSeq took 89.1ms
tactic execution of Lean.Parser.Tactic.rewriteSeq took 77.3ms
tactic execution of Lean.Parser.Tactic.rewriteSeq took 72.8ms
tactic execution of Lean.Parser.Tactic.rewriteSeq took 76.6ms
tactic execution of Lean.Parser.Tactic.rewriteSeq took 74.5ms
tactic execution of Lean.Parser.Tactic.rewriteSeq took 63.3ms
tactic execution of Lean.Parser.Tactic.rewriteSeq took 77.5ms
tactic execution of Lean.Parser.Tactic.rewriteSeq took 97.1ms
tactic execution of Lean.Parser.Tactic.rewriteSeq took 98.5ms
tactic execution of Lean.Parser.Tactic.rewriteSeq took 89.8ms
tactic execution of Lean.Parser.Tactic.rewriteSeq took 76.3ms
tactic execution of Lean.Parser.Tactic.rewriteSeq took 76.1ms
tactic execution of Lean.Parser.Tactic.rewriteSeq took 73.5ms
tactic execution of Lean.Parser.Tactic.rewriteSeq took 73.4ms
tactic execution of Lean.Parser.Tactic.rewriteSeq took 62.1ms
tactic execution of Lean.Parser.Tactic.rewriteSeq took 75.5ms
tactic execution of Lean.Parser.Tactic.rewriteSeq took 99.9ms
tactic execution of Lean.Parser.Tactic.rewriteSeq took 94.8ms
tactic execution of Lean.Parser.Tactic.rewriteSeq took 87.6ms
tactic execution of Lean.Parser.Tactic.rewriteSeq took 80ms
tactic execution of Lean.Parser.Tactic.rewriteSeq took 72.6ms
tactic execution of Lean.Parser.Tactic.rewriteSeq took 75.3ms
tactic execution of Lean.Parser.Tactic.rewriteSeq took 75.1ms
tactic execution of Lean.Parser.Tactic.rewriteSeq took 63.7ms
tactic execution of Lean.Parser.Tactic.rewriteSeq took 76.1ms
tactic execution of Lean.Parser.Tactic.rewriteSeq took 99.5ms
tactic execution of Lean.Parser.Tactic.rewriteSeq took 92.4ms
tactic execution of Lean.Parser.Tactic.rewriteSeq took 90.7ms
tactic execution of Lean.Parser.Tactic.rewriteSeq took 78.8ms
tactic execution of Lean.Parser.Tactic.rewriteSeq took 74.4ms
tactic execution of Lean.Parser.Tactic.rewriteSeq took 74.9ms
tactic execution of Lean.Parser.Tactic.rewriteSeq took 74.1ms
tactic execution of Lean.Parser.Tactic.rewriteSeq took 60.8ms
tactic execution of Lean.Parser.Tactic.rewriteSeq took 77.2ms
tactic execution of Lean.Parser.Tactic.rewriteSeq took 102ms
tactic execution of Lean.Parser.Tactic.rewriteSeq took 102ms
tactic execution of Lean.Parser.Tactic.rewriteSeq took 89ms
tactic execution of Lean.Parser.Tactic.rewriteSeq took 79.7ms
tactic execution of Lean.Parser.Tactic.rewriteSeq took 77.4ms
tactic execution of Lean.Parser.Tactic.rewriteSeq took 75.7ms
tactic execution of Lean.Parser.Tactic.rewriteSeq took 76.6ms
tactic execution of Lean.Parser.Tactic.rewriteSeq took 61.2ms
tactic execution of Lean.Parser.Tactic.rewriteSeq took 76.9ms
tactic execution of Lean.Parser.Tactic.rewriteSeq took 98ms
tactic execution of Lean.Parser.Tactic.rewriteSeq took 94.9ms
tactic execution of Lean.Parser.Tactic.rewriteSeq took 90.7ms
tactic execution of Lean.Parser.Tactic.rewriteSeq took 78.3ms
tactic execution of Lean.Parser.Tactic.rewriteSeq took 71.9ms
tactic execution of Lean.Parser.Tactic.rewriteSeq took 77.1ms
tactic execution of Lean.Parser.Tactic.rewriteSeq took 75.2ms
tactic execution of Lean.Parser.Tactic.rewriteSeq took 61.4ms
tactic execution of Lean.Parser.Tactic.rewriteSeq took 78.5ms
tactic execution of Lean.Parser.Tactic.rewriteSeq took 100ms
tactic execution of Lean.Parser.Tactic.rewriteSeq took 95.6ms
tactic execution of Lean.Parser.Tactic.rewriteSeq took 92.2ms
tactic execution of Lean.Parser.Tactic.rewriteSeq took 78.3ms
tactic execution of Lean.Parser.Tactic.rewriteSeq took 74.2ms
tactic execution of Lean.Parser.Tactic.rewriteSeq took 75.1ms
tactic execution of Lean.Parser.Tactic.rewriteSeq took 77.2ms
tactic execution of Lean.Parser.Tactic.rewriteSeq took 62.4ms
tactic execution of Lean.Parser.Tactic.rewriteSeq took 76.7ms
tactic execution of Lean.Parser.Tactic.rewriteSeq took 103ms
tactic execution of Lean.Parser.Tactic.rewriteSeq took 93ms
tactic execution of Lean.Parser.Tactic.rewriteSeq took 90.1ms
tactic execution of Lean.Parser.Tactic.rewriteSeq took 76.9ms
tactic execution of Lean.Parser.Tactic.rewriteSeq took 74.4ms
tactic execution of Lean.Parser.Tactic.rewriteSeq took 77.6ms
tactic execution of Lean.Parser.Tactic.rewriteSeq took 77.2ms
tactic execution of Lean.Parser.Tactic.rewriteSeq took 64.5ms
tactic execution of Lean.Parser.Tactic.rewriteSeq took 76.3ms
tactic execution of Lean.Parser.Tactic.rewriteSeq took 102ms
tactic execution of Lean.Parser.Tactic.rewriteSeq took 92.8ms
tactic execution of Lean.Parser.Tactic.rewriteSeq took 91.2ms
tactic execution of Lean.Parser.Tactic.rewriteSeq took 76.9ms
tactic execution of Lean.Parser.Tactic.rewriteSeq took 75.9ms
tactic execution of Lean.Parser.Tactic.rewriteSeq took 76.9ms
tactic execution of Lean.Parser.Tactic.rewriteSeq took 75ms
tactic execution of Lean.Parser.Tactic.rewriteSeq took 62ms
tactic execution of Lean.Parser.Tactic.rewriteSeq took 75.9ms
tactic execution of Lean.Parser.Tactic.rewriteSeq took 98.6ms
tactic execution of Lean.Parser.Tactic.rewriteSeq took 94.6ms
tactic execution of Lean.Parser.Tactic.rewriteSeq took 91.9ms
tactic execution of Lean.Parser.Tactic.rewriteSeq took 78.7ms
tactic execution of Lean.Parser.Tactic.rewriteSeq took 74.4ms
tactic execution of Lean.Parser.Tactic.rewriteSeq took 73.4ms
tactic execution of Lean.Parser.Tactic.rewriteSeq took 75.8ms
tactic execution of Lean.Parser.Tactic.rewriteSeq took 60.2ms
tactic execution of Lean.Parser.Tactic.rewriteSeq took 77ms
tactic execution of Lean.Parser.Tactic.rewriteSeq took 102ms
tactic execution of Lean.Parser.Tactic.rewriteSeq took 94.2ms
tactic execution of Lean.Parser.Tactic.rewriteSeq took 90.2ms
tactic execution of Lean.Parser.Tactic.rewriteSeq took 77.1ms
tactic execution of Lean.Parser.Tactic.rewriteSeq took 75ms
tactic execution of Lean.Parser.Tactic.rewriteSeq took 78.9ms
tactic execution of Lean.Parser.Tactic.rewriteSeq took 74ms
tactic execution of Lean.Parser.Tactic.rewriteSeq took 61.5ms
tactic execution of Lean.Parser.Tactic.rewriteSeq took 78.8ms
tactic execution of Lean.Parser.Tactic.rewriteSeq took 97.6ms
tactic execution of Lean.Parser.Tactic.rewriteSeq took 93.9ms
tactic execution of Lean.Parser.Tactic.rewriteSeq took 93.4ms
tactic execution of Lean.Parser.Tactic.rewriteSeq took 78.2ms
tactic execution of Lean.Parser.Tactic.rewriteSeq took 76.4ms
tactic execution of Lean.Parser.Tactic.rewriteSeq took 76.9ms
tactic execution of Lean.Parser.Tactic.rewriteSeq took 76.4ms
tactic execution of Lean.Parser.Tactic.rewriteSeq took 61.9ms
tactic execution of Lean.Parser.Tactic.rewriteSeq took 77.7ms
tactic execution of Lean.Parser.Tactic.rewriteSeq took 98ms
tactic execution of Lean.Parser.Tactic.rewriteSeq took 99.9ms
tactic execution of Lean.Parser.Tactic.rewriteSeq took 92.4ms
tactic execution of Lean.Parser.Tactic.rewriteSeq took 76.6ms
tactic execution of Lean.Parser.Tactic.rewriteSeq took 77.8ms
tactic execution of Lean.Parser.Tactic.rewriteSeq took 75.4ms
tactic execution of Lean.Parser.Tactic.rewriteSeq took 76.6ms
tactic execution of Lean.Parser.Tactic.rewriteSeq took 63ms
tactic execution of Lean.Parser.Tactic.rewriteSeq took 76.8ms
tactic execution of Lean.Parser.Tactic.rewriteSeq took 101ms
tactic execution of Lean.Parser.Tactic.rewriteSeq took 96.2ms
tactic execution of Lean.Parser.Tactic.rewriteSeq took 91.4ms
tactic execution of Lean.Parser.Tactic.rewriteSeq took 76.9ms
tactic execution of Lean.Parser.Tactic.rewriteSeq took 75.7ms
tactic execution of Lean.Parser.Tactic.rewriteSeq took 74.6ms
tactic execution of Lean.Parser.Tactic.rewriteSeq took 73.7ms
tactic execution of Lean.Parser.Tactic.rewriteSeq took 60.9ms
tactic execution of Lean.Parser.Tactic.rewriteSeq took 76.8ms
tactic execution of Lean.Parser.Tactic.rewriteSeq took 102ms
tactic execution of Lean.Parser.Tactic.rewriteSeq took 94.7ms
tactic execution of Lean.Parser.Tactic.rewriteSeq took 93ms
tactic execution of Lean.Parser.Tactic.rewriteSeq took 78.4ms
tactic execution of Lean.Parser.Tactic.rewriteSeq took 76.2ms
tactic execution of Lean.Parser.Tactic.rewriteSeq took 77.1ms
tactic execution of Lean.Parser.Tactic.rewriteSeq took 74.5ms
tactic execution of Lean.Parser.Tactic.rewriteSeq took 61.1ms
tactic execution of Lean.Parser.Tactic.rewriteSeq took 78.9ms
tactic execution of Lean.Parser.Tactic.rewriteSeq took 98.6ms
tactic execution of Lean.Parser.Tactic.rewriteSeq took 93ms
tactic execution of Lean.Parser.Tactic.rewriteSeq took 91.4ms
tactic execution of Lean.Parser.Tactic.rewriteSeq took 77ms
tactic execution of Lean.Parser.Tactic.rewriteSeq took 73.5ms
tactic execution of Lean.Parser.Tactic.rewriteSeq took 76.2ms
tactic execution of Lean.Parser.Tactic.rewriteSeq took 75.8ms
tactic execution of Lean.Parser.Tactic.rewriteSeq took 60.9ms
tactic execution of Lean.Parser.Tactic.rewriteSeq took 81.3ms
tactic execution of Lean.Parser.Tactic.rewriteSeq took 97.1ms
tactic execution of Lean.Parser.Tactic.rewriteSeq took 96.8ms
tactic execution of Lean.Parser.Tactic.rewriteSeq took 93.7ms
tactic execution of Lean.Parser.Tactic.rewriteSeq took 81.2ms
tactic execution of Lean.Parser.Tactic.rewriteSeq took 77.2ms
tactic execution of Lean.Parser.Tactic.rewriteSeq took 76ms
tactic execution of Lean.Parser.Tactic.rewriteSeq took 77.1ms
tactic execution of Lean.Parser.Tactic.rewriteSeq took 65.4ms
tactic execution of Lean.Parser.Tactic.rewriteSeq took 77.3ms
tactic execution of Lean.Parser.Tactic.rewriteSeq took 101ms
tactic execution of Lean.Parser.Tactic.rewriteSeq took 97.4ms
tactic execution of Lean.Parser.Tactic.rewriteSeq took 92.4ms
tactic execution of Lean.Parser.Tactic.rewriteSeq took 78.8ms
tactic execution of Lean.Parser.Tactic.rewriteSeq took 77.3ms
tactic execution of Lean.Parser.Tactic.rewriteSeq took 75.4ms
tactic execution of Lean.Parser.Tactic.rewriteSeq took 76.7ms
tactic execution of Lean.Parser.Tactic.rewriteSeq took 64.6ms
tactic execution of Lean.Parser.Tactic.rewriteSeq took 76.1ms
tactic execution of Lean.Parser.Tactic.rewriteSeq took 101ms
tactic execution of Lean.Parser.Tactic.rewriteSeq took 96.7ms
tactic execution of Lean.Parser.Tactic.rewriteSeq took 94.3ms
tactic execution of Lean.Parser.Tactic.rewriteSeq took 79.8ms
tactic execution of Lean.Parser.Tactic.rewriteSeq took 76.4ms
tactic execution of Lean.Parser.Tactic.rewriteSeq took 77.7ms
tactic execution of Lean.Parser.Tactic.rewriteSeq took 72.8ms
tactic execution of Lean.Parser.Tactic.rewriteSeq took 64.8ms
tactic execution of Lean.Parser.Tactic.rewriteSeq took 77.5ms
tactic execution of Lean.Parser.Tactic.rewriteSeq took 100ms
tactic execution of Lean.Parser.Tactic.rewriteSeq took 94ms
tactic execution of Lean.Parser.Tactic.rewriteSeq took 89.5ms
tactic execution of Lean.Parser.Tactic.rewriteSeq took 77.5ms
tactic execution of Lean.Parser.Tactic.rewriteSeq took 73.7ms
tactic execution of Lean.Parser.Tactic.rewriteSeq took 74.4ms
tactic execution of Lean.Parser.Tactic.rewriteSeq took 74.4ms
tactic execution of Lean.Parser.Tactic.rewriteSeq took 63.4ms
tactic execution of Lean.Parser.Tactic.rewriteSeq took 77.3ms
tactic execution of Lean.Parser.Tactic.rewriteSeq took 99.5ms
tactic execution of Lean.Parser.Tactic.rewriteSeq took 95.4ms
tactic execution of Lean.Parser.Tactic.rewriteSeq took 92.4ms
tactic execution of Lean.Parser.Tactic.rewriteSeq took 76.8ms
tactic execution of Lean.Parser.Tactic.rewriteSeq took 73.9ms
tactic execution of Lean.Parser.Tactic.rewriteSeq took 73.7ms
tactic execution of Lean.Parser.Tactic.rewriteSeq took 73.2ms
tactic execution of Lean.Parser.Tactic.rewriteSeq took 66.9ms
tactic execution of Lean.Parser.Tactic.rewriteSeq took 75.1ms
tactic execution of Lean.Parser.Tactic.rewriteSeq took 102ms
tactic execution of Lean.Parser.Tactic.rewriteSeq took 95.8ms
tactic execution of Lean.Parser.Tactic.rewriteSeq took 91.2ms
tactic execution of Lean.Parser.Tactic.rewriteSeq took 77.1ms
tactic execution of Lean.Parser.Tactic.rewriteSeq took 74.8ms
tactic execution of Lean.Parser.Tactic.rewriteSeq took 74.3ms
tactic execution of Lean.Parser.Tactic.rewriteSeq took 74.6ms
tactic execution of Lean.Parser.Tactic.rewriteSeq took 65.4ms
tactic execution of Lean.Parser.Tactic.rewriteSeq took 76.2ms
tactic execution of Lean.Parser.Tactic.rewriteSeq took 100ms
tactic execution of Lean.Parser.Tactic.rewriteSeq took 96.2ms
tactic execution of Lean.Parser.Tactic.rewriteSeq took 93.9ms
tactic execution of Lean.Parser.Tactic.rewriteSeq took 77.7ms
tactic execution of Lean.Parser.Tactic.rewriteSeq took 75.2ms
tactic execution of Lean.Parser.Tactic.rewriteSeq took 73.8ms
tactic execution of Lean.Parser.Tactic.rewriteSeq took 75.6ms
tactic execution of Lean.Parser.Tactic.rewriteSeq took 65ms
tactic execution of Lean.Parser.Tactic.rewriteSeq took 76ms
tactic execution of Lean.Parser.Tactic.rewriteSeq took 99.7ms
tactic execution of Lean.Parser.Tactic.rewriteSeq took 96.5ms
tactic execution of Lean.Parser.Tactic.rewriteSeq took 91.1ms
tactic execution of Lean.Parser.Tactic.rewriteSeq took 77.5ms
tactic execution of Lean.Parser.Tactic.rewriteSeq took 74.8ms
tactic execution of Lean.Parser.Tactic.rewriteSeq took 74.9ms
tactic execution of Lean.Parser.Tactic.rewriteSeq took 75.4ms
tactic execution of Lean.Parser.Tactic.rewriteSeq took 63.8ms
tactic execution of Lean.Parser.Tactic.rewriteSeq took 77ms
tactic execution of Lean.Parser.Tactic.rewriteSeq took 98.4ms
tactic execution of Lean.Parser.Tactic.rewriteSeq took 92.9ms
tactic execution of Lean.Parser.Tactic.rewriteSeq took 89.6ms
tactic execution of Lean.Parser.Tactic.rewriteSeq took 78.6ms
tactic execution of Lean.Parser.Tactic.rewriteSeq took 76.1ms
tactic execution of Lean.Parser.Tactic.rewriteSeq took 78.8ms
tactic execution of Lean.Parser.Tactic.rewriteSeq took 75.5ms
tactic execution of Lean.Parser.Tactic.rewriteSeq took 64.8ms
tactic execution of Lean.Parser.Tactic.rewriteSeq took 75.9ms
tactic execution of Lean.Parser.Tactic.rewriteSeq took 102ms
tactic execution of Lean.Parser.Tactic.rewriteSeq took 95.1ms
tactic execution of Lean.Parser.Tactic.rewriteSeq took 91.3ms
tactic execution of Lean.Parser.Tactic.rewriteSeq took 79.4ms
tactic execution of Lean.Parser.Tactic.rewriteSeq took 76ms
tactic execution of Lean.Parser.Tactic.rewriteSeq took 77.7ms
tactic execution of Lean.Parser.Tactic.rewriteSeq took 74.4ms
tactic execution of Lean.Parser.Tactic.rewriteSeq took 65.8ms
tactic execution of Lean.Parser.Tactic.rewriteSeq took 76.5ms
tactic execution of Lean.Parser.Tactic.rewriteSeq took 97.7ms
tactic execution of Lean.Parser.Tactic.rewriteSeq took 96.1ms
tactic execution of Lean.Parser.Tactic.rewriteSeq took 94.9ms
tactic execution of Lean.Parser.Tactic.rewriteSeq took 77.9ms
tactic execution of Lean.Parser.Tactic.rewriteSeq took 75.3ms
tactic execution of Lean.Parser.Tactic.rewriteSeq took 75.7ms
tactic execution of Lean.Parser.Tactic.rewriteSeq took 75.2ms
tactic execution of Lean.Parser.Tactic.rewriteSeq took 65.8ms
tactic execution of Lean.Parser.Tactic.rewriteSeq took 77.5ms
tactic execution of Lean.Parser.Tactic.rewriteSeq took 98.9ms
tactic execution of Lean.Parser.Tactic.rewriteSeq took 95.3ms
tactic execution of Lean.Parser.Tactic.rewriteSeq took 91.3ms
tactic execution of Lean.Parser.Tactic.rewriteSeq took 78.6ms
tactic execution of Lean.Parser.Tactic.rewriteSeq took 75.2ms
tactic execution of Lean.Parser.Tactic.rewriteSeq took 81ms
tactic execution of Lean.Parser.Tactic.rewriteSeq took 76.2ms
tactic execution of Lean.Parser.Tactic.rewriteSeq took 65.1ms
tactic execution of Lean.Parser.Tactic.rewriteSeq took 78.1ms
tactic execution of Lean.Parser.Tactic.rewriteSeq took 98.8ms
tactic execution of Lean.Parser.Tactic.rewriteSeq took 94.5ms
tactic execution of Lean.Parser.Tactic.rewriteSeq took 89.1ms
tactic execution of Lean.Parser.Tactic.rewriteSeq took 76.8ms
tactic execution of Lean.Parser.Tactic.rewriteSeq took 73.5ms
tactic execution of Lean.Parser.Tactic.rewriteSeq took 76.8ms
tactic execution of Lean.Parser.Tactic.rewriteSeq took 72.9ms
tactic execution of Lean.Parser.Tactic.rewriteSeq took 62.6ms
tactic execution of Lean.Parser.Tactic.rewriteSeq took 75.3ms
tactic execution of Lean.Parser.Tactic.rewriteSeq took 101ms
tactic execution of Lean.Parser.Tactic.rewriteSeq took 95.4ms
tactic execution of Lean.Parser.Tactic.rewriteSeq took 93.2ms
tactic execution of Lean.Parser.Tactic.rewriteSeq took 77.2ms
tactic execution of Lean.Parser.Tactic.rewriteSeq took 74.7ms
tactic execution of Lean.Parser.Tactic.rewriteSeq took 76.3ms
tactic execution of Lean.Parser.Tactic.rewriteSeq took 75.5ms
tactic execution of Lean.Parser.Tactic.rewriteSeq took 64.7ms
tactic execution of Lean.Parser.Tactic.rewriteSeq took 79.9ms
tactic execution of Lean.Parser.Tactic.rewriteSeq took 106ms
tactic execution of Lean.Parser.Tactic.rewriteSeq took 98ms
tactic execution of Lean.Parser.Tactic.rewriteSeq took 92.2ms
tactic execution of Lean.Parser.Tactic.rewriteSeq took 79.1ms
tactic execution of Lean.Parser.Tactic.rewriteSeq took 76ms
tactic execution of Lean.Parser.Tactic.rewriteSeq took 78.7ms
tactic execution of Lean.Parser.Tactic.rewriteSeq took 76.3ms
tactic execution of Lean.Parser.Tactic.rewriteSeq took 64.2ms
tactic execution of Lean.Parser.Tactic.rewriteSeq took 78.9ms
tactic execution of Lean.Parser.Tactic.rewriteSeq took 104ms
tactic execution of Lean.Parser.Tactic.rewriteSeq took 91.2ms
tactic execution of Lean.Parser.Tactic.rewriteSeq took 88ms
tactic execution of Lean.Parser.Tactic.rewriteSeq took 80.5ms
tactic execution of Lean.Parser.Tactic.rewriteSeq took 72.6ms
tactic execution of Lean.Parser.Tactic.rewriteSeq took 77.3ms
tactic execution of Lean.Parser.Tactic.rewriteSeq took 77.3ms
tactic execution of Lean.Parser.Tactic.rewriteSeq took 63.8ms
tactic execution of Lean.Parser.Tactic.rewriteSeq took 79.5ms
tactic execution of Lean.Parser.Tactic.rewriteSeq took 99.2ms
tactic execution of Lean.Parser.Tactic.rewriteSeq took 101ms
tactic execution of Lean.Parser.Tactic.rewriteSeq took 89.5ms
tactic execution of Lean.Parser.Tactic.rewriteSeq took 79.2ms
tactic execution of Lean.Parser.Tactic.rewriteSeq took 75ms
tactic execution of Lean.Parser.Tactic.rewriteSeq took 76.5ms
tactic execution of Lean.Parser.Tactic.rewriteSeq took 72.1ms
tactic execution of Lean.Parser.Tactic.rewriteSeq took 64.5ms
tactic execution of Lean.Parser.Tactic.rewriteSeq took 78.9ms
tactic execution of Lean.Parser.Tactic.rewriteSeq took 104ms
tactic execution of Lean.Parser.Tactic.rewriteSeq took 96.1ms
tactic execution of Lean.Parser.Tactic.rewriteSeq took 88.9ms
tactic execution of Lean.Parser.Tactic.rewriteSeq took 77.5ms
tactic execution of Lean.Parser.Tactic.rewriteSeq took 73.6ms
tactic execution of Lean.Parser.Tactic.rewriteSeq took 77.9ms
tactic execution of Lean.Parser.Tactic.rewriteSeq took 76.7ms
tactic execution of Lean.Parser.Tactic.rewriteSeq took 61.2ms
tactic execution of Lean.Parser.Tactic.rewriteSeq took 76.1ms
tactic execution of Lean.Parser.Tactic.rewriteSeq took 106ms
tactic execution of Lean.Parser.Tactic.rewriteSeq took 99.6ms
tactic execution of Lean.Parser.Tactic.rewriteSeq took 87.2ms
tactic execution of Lean.Parser.Tactic.rewriteSeq took 81.3ms
tactic execution of Lean.Parser.Tactic.rewriteSeq took 72.4ms
tactic execution of Lean.Parser.Tactic.rewriteSeq took 76.5ms
tactic execution of Lean.Parser.Tactic.rewriteSeq took 74.2ms
tactic execution of Lean.Parser.Tactic.rewriteSeq took 63.2ms
tactic execution of Lean.Parser.Tactic.rewriteSeq took 79.5ms
tactic execution of Lean.Parser.Tactic.rewriteSeq took 103ms
tactic execution of Lean.Parser.Tactic.rewriteSeq took 97.6ms
tactic execution of Lean.Parser.Tactic.rewriteSeq took 87.2ms
tactic execution of Lean.Parser.Tactic.rewriteSeq took 80.6ms
tactic execution of Lean.Parser.Tactic.rewriteSeq took 74.3ms
tactic execution of Lean.Parser.Tactic.rewriteSeq took 77.9ms
tactic execution of Lean.Parser.Tactic.rewriteSeq took 75.5ms
tactic execution of Lean.Parser.Tactic.rewriteSeq took 63.8ms
tactic execution of Lean.Parser.Tactic.rewriteSeq took 77.1ms
tactic execution of Lean.Parser.Tactic.rewriteSeq took 104ms
tactic execution of Lean.Parser.Tactic.rewriteSeq took 98.4ms
tactic execution of Lean.Parser.Tactic.rewriteSeq took 89.3ms
tactic execution of Lean.Parser.Tactic.rewriteSeq took 82ms
tactic execution of Lean.Parser.Tactic.rewriteSeq took 74.5ms
tactic execution of Lean.Parser.Tactic.rewriteSeq took 78.4ms
tactic execution of Lean.Parser.Tactic.rewriteSeq took 74.7ms
tactic execution of Lean.Parser.Tactic.rewriteSeq took 61.7ms
tactic execution of Lean.Parser.Tactic.rewriteSeq took 79.2ms
tactic execution of Lean.Parser.Tactic.rewriteSeq took 102ms
tactic execution of Lean.Parser.Tactic.rewriteSeq took 101ms
tactic execution of Lean.Parser.Tactic.rewriteSeq took 87.9ms
tactic execution of Lean.Parser.Tactic.rewriteSeq took 82.5ms
tactic execution of Lean.Parser.Tactic.rewriteSeq took 74.8ms
tactic execution of Lean.Parser.Tactic.rewriteSeq took 77.5ms
tactic execution of Lean.Parser.Tactic.rewriteSeq took 75.3ms
tactic execution of Lean.Parser.Tactic.rewriteSeq took 64.6ms
tactic execution of Lean.Parser.Tactic.rewriteSeq took 77.3ms
tactic execution of Lean.Parser.Tactic.rewriteSeq took 98.9ms
tactic execution of Lean.Parser.Tactic.rewriteSeq took 99.4ms
tactic execution of Lean.Parser.Tactic.rewriteSeq took 87.8ms
tactic execution of Lean.Parser.Tactic.rewriteSeq took 77.9ms
tactic execution of Lean.Parser.Tactic.rewriteSeq took 74.3ms
tactic execution of Lean.Parser.Tactic.rewriteSeq took 79.1ms
tactic execution of Lean.Parser.Tactic.rewriteSeq took 75.6ms
tactic execution of Lean.Parser.Tactic.rewriteSeq took 62.7ms
tactic execution of Lean.Parser.Tactic.rewriteSeq took 78.6ms
tactic execution of Lean.Parser.Tactic.rewriteSeq took 104ms
tactic execution of Lean.Parser.Tactic.rewriteSeq took 98.9ms
tactic execution of Lean.Parser.Tactic.rewriteSeq took 88ms
tactic execution of Lean.Parser.Tactic.rewriteSeq took 79.4ms
tactic execution of Lean.Parser.Tactic.rewriteSeq took 74.5ms
tactic execution of Lean.Parser.Tactic.rewriteSeq took 77.4ms
tactic execution of Lean.Parser.Tactic.rewriteSeq took 76.9ms
tactic execution of Lean.Parser.Tactic.rewriteSeq took 62.1ms
tactic execution of Lean.Parser.Tactic.rewriteSeq took 78.2ms
tactic execution of Lean.Parser.Tactic.rewriteSeq took 103ms
tactic execution of Lean.Parser.Tactic.rewriteSeq took 97.6ms
tactic execution of Lean.Parser.Tactic.rewriteSeq took 89.1ms
tactic execution of Lean.Parser.Tactic.rewriteSeq took 80.8ms
tactic execution of Lean.Parser.Tactic.rewriteSeq took 76.2ms
tactic execution of Lean.Parser.Tactic.rewriteSeq took 79.2ms
tactic execution of Lean.Parser.Tactic.rewriteSeq took 78.7ms
tactic execution of Lean.Parser.Tactic.rewriteSeq took 61.1ms
tactic execution of Lean.Parser.Tactic.rewriteSeq took 77ms
tactic execution of Lean.Parser.Tactic.rewriteSeq took 101ms
tactic execution of Lean.Parser.Tactic.rewriteSeq took 98.3ms
tactic execution of Lean.Parser.Tactic.rewriteSeq took 87.4ms
tactic execution of Lean.Parser.Tactic.rewriteSeq took 80.6ms
tactic execution of Lean.Parser.Tactic.rewriteSeq took 76.9ms
tactic execution of Lean.Parser.Tactic.rewriteSeq took 75.5ms
tactic execution of Lean.Parser.Tactic.rewriteSeq took 74.6ms
tactic execution of Lean.Parser.Tactic.rewriteSeq took 62ms
tactic execution of Lean.Parser.Tactic.rewriteSeq took 80ms
tactic execution of Lean.Parser.Tactic.rewriteSeq took 103ms
tactic execution of Lean.Parser.Tactic.rewriteSeq took 100ms
tactic execution of Lean.Parser.Tactic.rewriteSeq took 91.2ms
tactic execution of Lean.Parser.Tactic.rewriteSeq took 81.8ms
tactic execution of Lean.Parser.Tactic.rewriteSeq took 73.2ms
tactic execution of Lean.Parser.Tactic.rewriteSeq took 77.5ms
tactic execution of Lean.Parser.Tactic.rewriteSeq took 76.5ms
tactic execution of Lean.Parser.Tactic.rewriteSeq took 62.9ms
tactic execution of Lean.Parser.Tactic.rewriteSeq took 77.7ms
tactic execution of Lean.Parser.Tactic.rewriteSeq took 104ms
tactic execution of Lean.Parser.Tactic.rewriteSeq took 97.8ms
tactic execution of Lean.Parser.Tactic.rewriteSeq took 89.3ms
tactic execution of Lean.Parser.Tactic.rewriteSeq took 81.3ms
tactic execution of Lean.Parser.Tactic.rewriteSeq took 75.7ms
tactic execution of Lean.Parser.Tactic.rewriteSeq took 77.3ms
tactic execution of Lean.Parser.Tactic.rewriteSeq took 74.3ms
tactic execution of Lean.Parser.Tactic.rewriteSeq took 61.3ms
tactic execution of Lean.Parser.Tactic.rewriteSeq took 80.2ms
tactic execution of Lean.Parser.Tactic.rewriteSeq took 100ms
tactic execution of Lean.Parser.Tactic.rewriteSeq took 99ms
tactic execution of Lean.Parser.Tactic.rewriteSeq took 88ms
tactic execution of Lean.Parser.Tactic.rewriteSeq took 81ms
tactic execution of Lean.Parser.Tactic.rewriteSeq took 73.1ms
tactic execution of Lean.Parser.Tactic.rewriteSeq took 79.4ms
tactic execution of Lean.Parser.Tactic.rewriteSeq took 74.6ms
tactic execution of Lean.Parser.Tactic.rewriteSeq took 63.7ms
tactic execution of Lean.Parser.Tactic.rewriteSeq took 76.9ms
tactic execution of Lean.Parser.Tactic.rewriteSeq took 103ms
tactic execution of Lean.Parser.Tactic.rewriteSeq took 102ms
tactic execution of Lean.Parser.Tactic.rewriteSeq took 86.8ms
tactic execution of Lean.Parser.Tactic.rewriteSeq took 81.7ms
tactic execution of Lean.Parser.Tactic.rewriteSeq took 73.7ms
tactic execution of Lean.Parser.Tactic.rewriteSeq took 74.7ms
tactic execution of Lean.Parser.Tactic.rewriteSeq took 75.7ms
tactic execution of Lean.Parser.Tactic.rewriteSeq took 62.2ms
tactic execution of Lean.Parser.Tactic.rewriteSeq took 77.8ms
tactic execution of Lean.Parser.Tactic.rewriteSeq took 98.7ms
tactic execution of Lean.Parser.Tactic.rewriteSeq took 101ms
tactic execution of Lean.Parser.Tactic.rewriteSeq took 94.7ms
tactic execution of Lean.Parser.Tactic.rewriteSeq took 81.9ms
tactic execution of Lean.Parser.Tactic.rewriteSeq took 74.4ms
tactic execution of Lean.Parser.Tactic.rewriteSeq took 76.3ms
tactic execution of Lean.Parser.Tactic.rewriteSeq took 73.8ms
tactic execution of Lean.Parser.Tactic.rewriteSeq took 61.4ms
tactic execution of Lean.Parser.Tactic.rewriteSeq took 76.2ms
tactic execution of Lean.Parser.Tactic.rewriteSeq took 99.5ms
tactic execution of Lean.Parser.Tactic.rewriteSeq took 97.4ms
tactic execution of Lean.Parser.Tactic.rewriteSeq took 92.8ms
tactic execution of Lean.Parser.Tactic.rewriteSeq took 79.6ms
tactic execution of Lean.Parser.Tactic.rewriteSeq took 73.2ms
tactic execution of Lean.Parser.Tactic.rewriteSeq took 75.7ms
tactic execution of Lean.Parser.Tactic.rewriteSeq took 74.1ms
tactic execution of Lean.Parser.Tactic.rewriteSeq took 61.5ms
tactic execution of Lean.Parser.Tactic.rewriteSeq took 77.8ms
tactic execution of Lean.Parser.Tactic.rewriteSeq took 98.1ms
tactic execution of Lean.Parser.Tactic.rewriteSeq took 99.6ms
tactic execution of Lean.Parser.Tactic.rewriteSeq took 89ms
tactic execution of Lean.Parser.Tactic.rewriteSeq took 81.5ms
tactic execution of Lean.Parser.Tactic.rewriteSeq took 72.1ms
tactic execution of Lean.Parser.Tactic.rewriteSeq took 78.3ms
tactic execution of Lean.Parser.Tactic.rewriteSeq took 77ms
tactic execution of Lean.Parser.Tactic.rewriteSeq took 62.8ms
tactic execution of Lean.Parser.Tactic.rewriteSeq took 78.2ms
tactic execution of Lean.Parser.Tactic.rewriteSeq took 103ms
tactic execution of Lean.Parser.Tactic.rewriteSeq took 96.3ms
tactic execution of Lean.Parser.Tactic.rewriteSeq took 93.6ms
tactic execution of Lean.Parser.Tactic.rewriteSeq took 78.6ms
tactic execution of Lean.Parser.Tactic.rewriteSeq took 74ms
tactic execution of Lean.Parser.Tactic.rewriteSeq took 76.3ms
tactic execution of Lean.Parser.Tactic.rewriteSeq took 75.9ms
tactic execution of Lean.Parser.Tactic.rewriteSeq took 62.8ms
tactic execution of Lean.Parser.Tactic.rewriteSeq took 76.2ms
tactic execution of Lean.Parser.Tactic.rewriteSeq took 101ms
tactic execution of Lean.Parser.Tactic.rewriteSeq took 97ms
tactic execution of Lean.Parser.Tactic.rewriteSeq took 88.7ms
tactic execution of Lean.Parser.Tactic.rewriteSeq took 83.1ms
tactic execution of Lean.Parser.Tactic.rewriteSeq took 75.1ms
tactic execution of Lean.Parser.Tactic.rewriteSeq took 74.5ms
tactic execution of Lean.Parser.Tactic.rewriteSeq took 75.8ms
tactic execution of Lean.Parser.Tactic.rewriteSeq took 61ms
tactic execution of Lean.Parser.Tactic.rewriteSeq took 77.8ms
tactic execution of Lean.Parser.Tactic.rewriteSeq took 103ms
tactic execution of Lean.Parser.Tactic.rewriteSeq took 103ms
tactic execution of Lean.Parser.Tactic.rewriteSeq took 89.5ms
tactic execution of Lean.Parser.Tactic.rewriteSeq took 78.3ms
tactic execution of Lean.Parser.Tactic.rewriteSeq took 75.2ms
tactic execution of Lean.Parser.Tactic.rewriteSeq took 78.3ms
tactic execution of Lean.Parser.Tactic.rewriteSeq took 73.8ms
tactic execution of Lean.Parser.Tactic.rewriteSeq took 61.6ms
tactic execution of Lean.Parser.Tactic.rewriteSeq took 78.2ms
tactic execution of Lean.Parser.Tactic.rewriteSeq took 103ms
tactic execution of Lean.Parser.Tactic.rewriteSeq took 98.8ms
tactic execution of Lean.Parser.Tactic.rewriteSeq took 87.6ms
tactic execution of Lean.Parser.Tactic.rewriteSeq took 78.1ms
tactic execution of Lean.Parser.Tactic.rewriteSeq took 74.2ms
tactic execution of Lean.Parser.Tactic.rewriteSeq took 77.6ms
tactic execution of Lean.Parser.Tactic.rewriteSeq took 75.8ms
tactic execution of Lean.Parser.Tactic.rewriteSeq took 62.3ms
tactic execution of Lean.Parser.Tactic.rewriteSeq took 79.6ms
tactic execution of Lean.Parser.Tactic.rewriteSeq took 103ms
tactic execution of Lean.Parser.Tactic.rewriteSeq took 97.6ms
tactic execution of Lean.Parser.Tactic.rewriteSeq took 91ms
tactic execution of Lean.Parser.Tactic.rewriteSeq took 79.2ms
tactic execution of Lean.Parser.Tactic.rewriteSeq took 73ms
tactic execution of Lean.Parser.Tactic.rewriteSeq took 75.4ms
tactic execution of Lean.Parser.Tactic.rewriteSeq took 76.4ms
tactic execution of Lean.Parser.Tactic.rewriteSeq took 61ms
tactic execution of Lean.Parser.Tactic.rewriteSeq took 76.9ms
tactic execution of Lean.Parser.Tactic.rewriteSeq took 100ms
tactic execution of Lean.Parser.Tactic.rewriteSeq took 99.6ms
tactic execution of Lean.Parser.Tactic.rewriteSeq took 90.4ms
tactic execution of Lean.Parser.Tactic.rewriteSeq took 79.3ms
tactic execution of Lean.Parser.Tactic.rewriteSeq took 77ms
tactic execution of Lean.Parser.Tactic.rewriteSeq took 74.4ms
tactic execution of Lean.Parser.Tactic.rewriteSeq took 77.1ms
tactic execution of Lean.Parser.Tactic.rewriteSeq took 62.2ms
tactic execution of Lean.Parser.Tactic.rewriteSeq took 77.8ms
tactic execution of Lean.Parser.Tactic.rewriteSeq took 103ms
tactic execution of Lean.Parser.Tactic.rewriteSeq took 97.6ms
tactic execution of Lean.Parser.Tactic.rewriteSeq took 89.9ms
tactic execution of Lean.Parser.Tactic.rewriteSeq took 76.6ms
tactic execution of Lean.Parser.Tactic.rewriteSeq took 75.7ms
tactic execution of Lean.Parser.Tactic.rewriteSeq took 74.6ms
tactic execution of Lean.Parser.Tactic.rewriteSeq took 75.3ms
tactic execution of Lean.Parser.Tactic.rewriteSeq took 61.2ms
tactic execution of Lean.Parser.Tactic.rewriteSeq took 76.5ms
tactic execution of Lean.Parser.Tactic.rewriteSeq took 100ms
tactic execution of Lean.Parser.Tactic.rewriteSeq took 95.4ms
tactic execution of Lean.Parser.Tactic.rewriteSeq took 95ms
tactic execution of Lean.Parser.Tactic.rewriteSeq took 76.9ms
tactic execution of Lean.Parser.Tactic.rewriteSeq took 75.3ms
tactic execution of Lean.Parser.Tactic.rewriteSeq took 76.1ms
tactic execution of Lean.Parser.Tactic.rewriteSeq took 77.3ms
tactic execution of Lean.Parser.Tactic.rewriteSeq took 63.9ms
tactic execution of Lean.Parser.Tactic.rewriteSeq took 76.9ms
tactic execution of Lean.Parser.Tactic.rewriteSeq took 101ms
tactic execution of Lean.Parser.Tactic.rewriteSeq took 99.5ms
tactic execution of Lean.Parser.Tactic.rewriteSeq took 89.8ms
tactic execution of Lean.Parser.Tactic.rewriteSeq took 76.8ms
tactic execution of Lean.Parser.Tactic.rewriteSeq took 77ms
tactic execution of Lean.Parser.Tactic.rewriteSeq took 75.4ms
tactic execution of Lean.Parser.Tactic.rewriteSeq took 76.9ms
tactic execution of Lean.Parser.Tactic.rewriteSeq took 65.3ms
tactic execution of Lean.Parser.Tactic.rewriteSeq took 77.2ms
tactic execution of Lean.Parser.Tactic.rewriteSeq took 102ms
tactic execution of Lean.Parser.Tactic.rewriteSeq took 94.5ms
tactic execution of Lean.Parser.Tactic.rewriteSeq took 92.4ms
tactic execution of Lean.Parser.Tactic.rewriteSeq took 75.9ms
tactic execution of Lean.Parser.Tactic.rewriteSeq took 76.8ms
tactic execution of Lean.Parser.Tactic.rewriteSeq took 74.8ms
tactic execution of Lean.Parser.Tactic.rewriteSeq took 75.4ms
tactic execution of Lean.Parser.Tactic.rewriteSeq took 63.8ms
tactic execution of Lean.Parser.Tactic.rewriteSeq took 78.5ms
tactic execution of Lean.Parser.Tactic.rewriteSeq took 102ms
tactic execution of Lean.Parser.Tactic.rewriteSeq took 98.4ms
tactic execution of Lean.Parser.Tactic.rewriteSeq took 89.6ms
tactic execution of Lean.Parser.Tactic.rewriteSeq took 80.6ms
tactic execution of Lean.Parser.Tactic.rewriteSeq took 81.4ms
tactic execution of Lean.Parser.Tactic.rewriteSeq took 76.2ms
tactic execution of Lean.Parser.Tactic.rewriteSeq took 77.4ms
tactic execution of Lean.Parser.Tactic.rewriteSeq took 63.9ms
tactic execution of Lean.Parser.Tactic.rewriteSeq took 77.1ms
tactic execution of Lean.Parser.Tactic.rewriteSeq took 101ms
tactic execution of Lean.Parser.Tactic.rewriteSeq took 98.6ms
tactic execution of Lean.Parser.Tactic.rewriteSeq took 94.8ms
tactic execution of Lean.Parser.Tactic.rewriteSeq took 77.4ms
tactic execution of Lean.Parser.Tactic.rewriteSeq took 75.2ms
tactic execution of Lean.Parser.Tactic.rewriteSeq took 78.2ms
tactic execution of Lean.Parser.Tactic.rewriteSeq took 74.3ms
tactic execution of Lean.Parser.Tactic.rewriteSeq took 60.7ms
tactic execution of Lean.Parser.Tactic.rewriteSeq took 76.4ms
tactic execution of Lean.Parser.Tactic.rewriteSeq took 102ms
tactic execution of Lean.Parser.Tactic.rewriteSeq took 93.4ms
tactic execution of Lean.Parser.Tactic.rewriteSeq took 93.9ms
tactic execution of Lean.Parser.Tactic.rewriteSeq took 79.3ms
tactic execution of Lean.Parser.Tactic.rewriteSeq took 76.5ms
tactic execution of Lean.Parser.Tactic.rewriteSeq took 74.3ms
tactic execution of Lean.Parser.Tactic.rewriteSeq took 75.8ms
tactic execution of Lean.Parser.Tactic.rewriteSeq took 61.5ms
tactic execution of Lean.Parser.Tactic.rewriteSeq took 77.2ms
tactic execution of Lean.Parser.Tactic.rewriteSeq took 101ms
tactic execution of Lean.Parser.Tactic.rewriteSeq took 93.8ms
tactic execution of Lean.Parser.Tactic.rewriteSeq took 93.7ms
tactic execution of Lean.Parser.Tactic.rewriteSeq took 75.5ms
tactic execution of Lean.Parser.Tactic.rewriteSeq took 80.3ms
tactic execution of Lean.Parser.Tactic.rewriteSeq took 75.6ms
tactic execution of Lean.Parser.Tactic.rewriteSeq took 73.3ms
tactic execution of Lean.Parser.Tactic.rewriteSeq took 61.5ms
tactic execution of Lean.Parser.Tactic.rewriteSeq took 77.4ms
tactic execution of Lean.Parser.Tactic.rewriteSeq took 100ms
tactic execution of Lean.Parser.Tactic.rewriteSeq took 99.7ms
tactic execution of Lean.Parser.Tactic.rewriteSeq took 91.9ms
tactic execution of Lean.Parser.Tactic.rewriteSeq took 77.2ms
tactic execution of Lean.Parser.Tactic.rewriteSeq took 78ms
tactic execution of Lean.Parser.Tactic.rewriteSeq took 74.8ms
tactic execution of Lean.Parser.Tactic.rewriteSeq took 76.2ms
tactic execution of Lean.Parser.Tactic.rewriteSeq took 62.4ms
tactic execution of Lean.Parser.Tactic.rewriteSeq took 77.5ms
tactic execution of Lean.Parser.Tactic.rewriteSeq took 101ms
tactic execution of Lean.Parser.Tactic.rewriteSeq took 95.1ms
tactic execution of Lean.Parser.Tactic.rewriteSeq took 89.8ms
tactic execution of Lean.Parser.Tactic.rewriteSeq took 77.4ms
tactic execution of Lean.Parser.Tactic.rewriteSeq took 76.3ms
tactic execution of Lean.Parser.Tactic.rewriteSeq took 76.7ms
tactic execution of Lean.Parser.Tactic.rewriteSeq took 74.5ms
tactic execution of Lean.Parser.Tactic.rewriteSeq took 64.3ms
tactic execution of Lean.Parser.Tactic.rewriteSeq took 76ms
tactic execution of Lean.Parser.Tactic.rewriteSeq took 98.2ms
tactic execution of Lean.Parser.Tactic.rewriteSeq took 96.7ms
tactic execution of Lean.Parser.Tactic.rewriteSeq took 92.5ms
tactic execution of Lean.Parser.Tactic.rewriteSeq took 77.7ms
tactic execution of Lean.Parser.Tactic.rewriteSeq took 77.3ms
tactic execution of Lean.Parser.Tactic.rewriteSeq took 78.3ms
tactic execution of Lean.Parser.Tactic.rewriteSeq took 75.9ms
tactic execution of Lean.Parser.Tactic.rewriteSeq took 65.9ms
tactic execution of Lean.Parser.Tactic.rewriteSeq took 78.2ms
tactic execution of Lean.Parser.Tactic.rewriteSeq took 99.1ms
tactic execution of Lean.Parser.Tactic.rewriteSeq took 92.9ms
tactic execution of Lean.Parser.Tactic.rewriteSeq took 91.7ms
tactic execution of Lean.Parser.Tactic.rewriteSeq took 80.1ms
tactic execution of Lean.Parser.Tactic.rewriteSeq took 79.3ms
tactic execution of Lean.Parser.Tactic.rewriteSeq took 74.5ms
tactic execution of Lean.Parser.Tactic.rewriteSeq took 73.1ms
tactic execution of Lean.Parser.Tactic.rewriteSeq took 65.3ms
tactic execution of Lean.Parser.Tactic.rewriteSeq took 78.1ms
tactic execution of Lean.Parser.Tactic.rewriteSeq took 103ms
tactic execution of Lean.Parser.Tactic.rewriteSeq took 94.8ms
tactic execution of Lean.Parser.Tactic.rewriteSeq took 91.2ms
tactic execution of Lean.Parser.Tactic.rewriteSeq took 78.2ms
tactic execution of Lean.Parser.Tactic.rewriteSeq took 78.2ms
tactic execution of Lean.Parser.Tactic.rewriteSeq took 75ms
tactic execution of Lean.Parser.Tactic.rewriteSeq took 72.1ms
tactic execution of Lean.Parser.Tactic.rewriteSeq took 67ms
tactic execution of Lean.Parser.Tactic.rewriteSeq took 76.5ms
tactic execution of Lean.Parser.Tactic.rewriteSeq took 101ms
tactic execution of Lean.Parser.Tactic.rewriteSeq took 98.2ms
tactic execution of Lean.Parser.Tactic.rewriteSeq took 91.3ms
tactic execution of Lean.Parser.Tactic.rewriteSeq took 78.4ms
tactic execution of Lean.Parser.Tactic.rewriteSeq took 78.1ms
tactic execution of Lean.Parser.Tactic.rewriteSeq took 73.6ms
tactic execution of Lean.Parser.Tactic.rewriteSeq took 73ms
tactic execution of Lean.Parser.Tactic.rewriteSeq took 65.9ms
tactic execution of Lean.Parser.Tactic.rewriteSeq took 78.2ms
tactic execution of Lean.Parser.Tactic.rewriteSeq took 99.8ms
tactic execution of Lean.Parser.Tactic.rewriteSeq took 95ms
tactic execution of Lean.Parser.Tactic.rewriteSeq took 93.2ms
tactic execution of Lean.Parser.Tactic.rewriteSeq took 78.8ms
tactic execution of Lean.Parser.Tactic.rewriteSeq took 76.5ms
tactic execution of Lean.Parser.Tactic.rewriteSeq took 78ms
tactic execution of Lean.Parser.Tactic.rewriteSeq took 74.2ms
tactic execution of Lean.Parser.Tactic.rewriteSeq took 65.7ms
tactic execution of Lean.Parser.Tactic.rewriteSeq took 79.1ms
tactic execution of Lean.Parser.Tactic.rewriteSeq took 101ms
tactic execution of Lean.Parser.Tactic.rewriteSeq took 93.3ms
tactic execution of Lean.Parser.Tactic.rewriteSeq took 91.5ms
tactic execution of Lean.Parser.Tactic.rewriteSeq took 78.7ms
tactic execution of Lean.Parser.Tactic.rewriteSeq took 76.8ms
tactic execution of Lean.Parser.Tactic.rewriteSeq took 77.7ms
tactic execution of Lean.Parser.Tactic.rewriteSeq took 73.7ms
tactic execution of Lean.Parser.Tactic.rewriteSeq took 65.6ms
tactic execution of Lean.Parser.Tactic.rewriteSeq took 75.8ms
tactic execution of Lean.Parser.Tactic.rewriteSeq took 101ms
tactic execution of Lean.Parser.Tactic.rewriteSeq took 94.7ms
tactic execution of Lean.Parser.Tactic.rewriteSeq took 90.4ms
tactic execution of Lean.Parser.Tactic.rewriteSeq took 75.7ms
tactic execution of Lean.Parser.Tactic.rewriteSeq took 76.2ms
tactic execution of Lean.Parser.Tactic.rewriteSeq took 77.7ms
tactic execution of Lean.Parser.Tactic.rewriteSeq took 71.8ms
tactic execution of Lean.Parser.Tactic.rewriteSeq took 65.5ms
tactic execution of Lean.Parser.Tactic.rewriteSeq took 77.2ms
tactic execution of Lean.Parser.Tactic.rewriteSeq took 103ms
tactic execution of Lean.Parser.Tactic.rewriteSeq took 96.1ms
tactic execution of Lean.Parser.Tactic.rewriteSeq took 92.1ms
tactic execution of Lean.Parser.Tactic.rewriteSeq took 77.3ms
tactic execution of Lean.Parser.Tactic.rewriteSeq took 73.2ms
tactic execution of Lean.Parser.Tactic.rewriteSeq took 75.9ms
tactic execution of Lean.Parser.Tactic.rewriteSeq took 72.7ms
tactic execution of Lean.Parser.Tactic.rewriteSeq took 64.5ms
tactic execution of Lean.Parser.Tactic.rewriteSeq took 78.7ms
tactic execution of Lean.Parser.Tactic.rewriteSeq took 103ms
tactic execution of Lean.Parser.Tactic.rewriteSeq took 96.4ms
tactic execution of Lean.Parser.Tactic.rewriteSeq took 92.7ms
tactic execution of Lean.Parser.Tactic.rewriteSeq took 81ms
tactic execution of Lean.Parser.Tactic.rewriteSeq took 76ms
tactic execution of Lean.Parser.Tactic.rewriteSeq took 77.8ms
tactic execution of Lean.Parser.Tactic.rewriteSeq took 74ms
tactic execution of Lean.Parser.Tactic.rewriteSeq took 65.2ms
tactic execution of Lean.Parser.Tactic.rewriteSeq took 78.8ms
tactic execution of Lean.Parser.Tactic.rewriteSeq took 102ms
tactic execution of Lean.Parser.Tactic.rewriteSeq took 97.9ms
tactic execution of Lean.Parser.Tactic.rewriteSeq took 93.8ms
tactic execution of Lean.Parser.Tactic.rewriteSeq took 74.6ms
tactic execution of Lean.Parser.Tactic.rewriteSeq took 72.8ms
tactic execution of Lean.Parser.Tactic.rewriteSeq took 74.9ms
tactic execution of Lean.Parser.Tactic.rewriteSeq took 73.6ms
tactic execution of Lean.Parser.Tactic.rewriteSeq took 66.5ms
tactic execution of Lean.Parser.Tactic.rewriteSeq took 77.5ms
tactic execution of Lean.Parser.Tactic.rewriteSeq took 101ms
tactic execution of Lean.Parser.Tactic.rewriteSeq took 97.1ms
tactic execution of Lean.Parser.Tactic.rewriteSeq took 92.7ms
tactic execution of Lean.Parser.Tactic.rewriteSeq took 77.5ms
tactic execution of Lean.Parser.Tactic.rewriteSeq took 74.9ms
tactic execution of Lean.Parser.Tactic.rewriteSeq took 78.7ms
tactic execution of Lean.Parser.Tactic.rewriteSeq took 75.8ms
tactic execution of Lean.Parser.Tactic.rewriteSeq took 64.2ms
tactic execution of Lean.Parser.Tactic.rewriteSeq took 78.6ms
tactic execution of Lean.Parser.Tactic.rewriteSeq took 98.6ms
tactic execution of Lean.Parser.Tactic.rewriteSeq took 96ms
tactic execution of Lean.Parser.Tactic.rewriteSeq took 94.2ms
tactic execution of Lean.Parser.Tactic.rewriteSeq took 79.7ms
tactic execution of Lean.Parser.Tactic.rewriteSeq took 74.8ms
tactic execution of Lean.Parser.Tactic.rewriteSeq took 75.9ms
tactic execution of Lean.Parser.Tactic.rewriteSeq took 75.3ms
tactic execution of Lean.Parser.Tactic.rewriteSeq took 62.9ms
tactic execution of Lean.Parser.Tactic.rewriteSeq took 78ms
tactic execution of Lean.Parser.Tactic.rewriteSeq took 102ms
tactic execution of Lean.Parser.Tactic.rewriteSeq took 95.3ms
tactic execution of Lean.Parser.Tactic.rewriteSeq took 90ms
tactic execution of Lean.Parser.Tactic.rewriteSeq took 78.4ms
tactic execution of Lean.Parser.Tactic.rewriteSeq took 74.6ms
tactic execution of Lean.Parser.Tactic.rewriteSeq took 76.2ms
tactic execution of Lean.Parser.Tactic.rewriteSeq took 72.2ms
tactic execution of Lean.Parser.Tactic.rewriteSeq took 62.8ms
tactic execution of Lean.Parser.Tactic.rewriteSeq took 79.8ms
tactic execution of Lean.Parser.Tactic.rewriteSeq took 102ms
tactic execution of Lean.Parser.Tactic.rewriteSeq took 106ms
tactic execution of Lean.Parser.Tactic.rewriteSeq took 99.5ms
tactic execution of Lean.Parser.Tactic.rewriteSeq took 89.5ms
tactic execution of Lean.Parser.Tactic.rewriteSeq took 83.8ms
tactic execution of Lean.Parser.Tactic.rewriteSeq took 86.3ms
tactic execution of Lean.Parser.Tactic.rewriteSeq took 84.3ms
tactic execution of Lean.Parser.Tactic.rewriteSeq took 69.6ms
tactic execution of Lean.Parser.Tactic.rewriteSeq took 84.8ms
tactic execution of Lean.Parser.Tactic.rewriteSeq took 109ms
tactic execution of Lean.Parser.Tactic.rewriteSeq took 104ms
tactic execution of Lean.Parser.Tactic.rewriteSeq took 102ms
tactic execution of Lean.Parser.Tactic.rewriteSeq took 85.2ms
tactic execution of Lean.Parser.Tactic.rewriteSeq took 82.1ms
tactic execution of Lean.Parser.Tactic.rewriteSeq took 86.8ms
tactic execution of Lean.Parser.Tactic.rewriteSeq took 78.2ms
tactic execution of Lean.Parser.Tactic.rewriteSeq took 70.9ms
tactic execution of Lean.Parser.Tactic.rewriteSeq took 87.4ms
tactic execution of Lean.Parser.Tactic.rewriteSeq took 109ms
tactic execution of Lean.Parser.Tactic.rewriteSeq took 111ms
tactic execution of Lean.Parser.Tactic.rewriteSeq took 94.2ms
tactic execution of Lean.Parser.Tactic.rewriteSeq took 81.1ms
tactic execution of Lean.Parser.Tactic.rewriteSeq took 77.7ms
tactic execution of Lean.Parser.Tactic.rewriteSeq took 84.3ms
tactic execution of Lean.Parser.Tactic.rewriteSeq took 82.3ms
tactic execution of Lean.Parser.Tactic.rewriteSeq took 68.3ms
tactic execution of Lean.Parser.Tactic.rewriteSeq took 87.7ms
tactic execution of Lean.Parser.Tactic.rewriteSeq took 105ms
tactic execution of Lean.Parser.Tactic.rewriteSeq took 94.3ms
tactic execution of Lean.Parser.Tactic.rewriteSeq took 105ms
tactic execution of Lean.Parser.Tactic.rewriteSeq took 82.9ms
tactic execution of Lean.Parser.Tactic.rewriteSeq took 82.7ms
tactic execution of Lean.Parser.Tactic.rewriteSeq took 87ms
tactic execution of Lean.Parser.Tactic.rewriteSeq took 83.8ms
tactic execution of Lean.Parser.Tactic.rewriteSeq took 72.7ms
tactic execution of Lean.Parser.Tactic.rewriteSeq took 81.6ms
tactic execution of Lean.Parser.Tactic.rewriteSeq took 103ms
tactic execution of Lean.Parser.Tactic.rewriteSeq took 100ms
tactic execution of Lean.Parser.Tactic.rewriteSeq took 93.9ms
tactic execution of Lean.Parser.Tactic.rewriteSeq took 85ms
tactic execution of Lean.Parser.Tactic.rewriteSeq took 77.7ms
tactic execution of Lean.Parser.Tactic.rewriteSeq took 83.3ms
tactic execution of Lean.Parser.Tactic.rewriteSeq took 81.5ms
tactic execution of Lean.Parser.Tactic.rewriteSeq took 68.6ms
tactic execution of Lean.Parser.Tactic.rewriteSeq took 81.3ms
tactic execution of Lean.Parser.Tactic.rewriteSeq took 125ms
tactic execution of Lean.Parser.Tactic.rewriteSeq took 112ms
tactic execution of Lean.Parser.Tactic.rewriteSeq took 94.3ms
tactic execution of Lean.Parser.Tactic.rewriteSeq took 83.9ms
tactic execution of Lean.Parser.Tactic.rewriteSeq took 73.2ms
tactic execution of Lean.Parser.Tactic.rewriteSeq took 84.3ms
tactic execution of Lean.Parser.Tactic.rewriteSeq took 76.5ms
tactic execution of Lean.Parser.Tactic.rewriteSeq took 62.7ms
tactic execution of Lean.Parser.Tactic.rewriteSeq took 78ms
tactic execution of Lean.Parser.Tactic.rewriteSeq took 103ms
tactic execution of Lean.Parser.Tactic.rewriteSeq took 97.7ms
tactic execution of Lean.Parser.Tactic.rewriteSeq took 89.1ms
tactic execution of Lean.Parser.Tactic.rewriteSeq took 83ms
tactic execution of Lean.Parser.Tactic.rewriteSeq took 75ms
tactic execution of Lean.Parser.Tactic.rewriteSeq took 78.1ms
tactic execution of Lean.Parser.Tactic.rewriteSeq took 74.6ms
tactic execution of Lean.Parser.Tactic.rewriteSeq took 61.8ms
tactic execution of Lean.Parser.Tactic.rewriteSeq took 81.5ms
tactic execution of Lean.Parser.Tactic.rewriteSeq took 102ms
tactic execution of Lean.Parser.Tactic.rewriteSeq took 102ms
tactic execution of Lean.Parser.Tactic.rewriteSeq took 92.7ms
tactic execution of Lean.Parser.Tactic.rewriteSeq took 82.4ms
tactic execution of Lean.Parser.Tactic.rewriteSeq took 73.9ms
tactic execution of Lean.Parser.Tactic.rewriteSeq took 75.5ms
tactic execution of Lean.Parser.Tactic.rewriteSeq took 74.6ms
tactic execution of Lean.Parser.Tactic.rewriteSeq took 65.3ms
tactic execution of Lean.Parser.Tactic.rewriteSeq took 80ms
tactic execution of Lean.Parser.Tactic.rewriteSeq took 103ms
tactic execution of Lean.Parser.Tactic.rewriteSeq took 99ms
tactic execution of Lean.Parser.Tactic.rewriteSeq took 90.8ms
tactic execution of Lean.Parser.Tactic.rewriteSeq took 82.8ms
tactic execution of Lean.Parser.Tactic.rewriteSeq took 75.9ms
tactic execution of Lean.Parser.Tactic.rewriteSeq took 76.2ms
tactic execution of Lean.Parser.Tactic.rewriteSeq took 73.9ms
tactic execution of Lean.Parser.Tactic.rewriteSeq took 63.2ms
tactic execution of Lean.Parser.Tactic.rewriteSeq took 81.2ms
tactic execution of Lean.Parser.Tactic.rewriteSeq took 100ms
tactic execution of Lean.Parser.Tactic.rewriteSeq took 99.8ms
tactic execution of Lean.Parser.Tactic.rewriteSeq took 93.1ms
tactic execution of Lean.Parser.Tactic.rewriteSeq took 81.4ms
tactic execution of Lean.Parser.Tactic.rewriteSeq took 76.3ms
tactic execution of Lean.Parser.Tactic.rewriteSeq took 78.8ms
tactic execution of Lean.Parser.Tactic.rewriteSeq took 76.7ms
tactic execution of Lean.Parser.Tactic.rewriteSeq took 64.9ms
tactic execution of Lean.Parser.Tactic.omega took 475ms
tactic execution of Lean.Parser.Tactic.rewriteSeq took 80.6ms
tactic execution of Lean.Parser.Tactic.rewriteSeq took 101ms
tactic execution of Lean.Parser.Tactic.rewriteSeq took 101ms
tactic execution of Lean.Parser.Tactic.rewriteSeq took 91.2ms
tactic execution of Lean.Parser.Tactic.rewriteSeq took 81.3ms
tactic execution of Lean.Parser.Tactic.rewriteSeq took 78.3ms
tactic execution of Lean.Parser.Tactic.rewriteSeq took 78.5ms
tactic execution of Lean.Parser.Tactic.rewriteSeq took 75.6ms
tactic execution of Lean.Parser.Tactic.rewriteSeq took 63.4ms
tactic execution of Lean.Parser.Tactic.rewriteSeq took 80.7ms
tactic execution of Lean.Parser.Tactic.rewriteSeq took 104ms
tactic execution of Lean.Parser.Tactic.rewriteSeq took 106ms
tactic execution of Lean.Parser.Tactic.rewriteSeq took 88.2ms
tactic execution of Lean.Parser.Tactic.rewriteSeq took 78.8ms
tactic execution of Lean.Parser.Tactic.rewriteSeq took 75ms
tactic execution of Lean.Parser.Tactic.rewriteSeq took 77.4ms
tactic execution of Lean.Parser.Tactic.rewriteSeq took 75.1ms
tactic execution of Lean.Parser.Tactic.rewriteSeq took 66.6ms
tactic execution of Lean.Parser.Tactic.rewriteSeq took 78.9ms
tactic execution of Lean.Parser.Tactic.rewriteSeq took 105ms
tactic execution of Lean.Parser.Tactic.rewriteSeq took 105ms
tactic execution of Lean.Parser.Tactic.rewriteSeq took 89ms
tactic execution of Lean.Parser.Tactic.rewriteSeq took 82.1ms
tactic execution of Lean.Parser.Tactic.rewriteSeq took 76.6ms
tactic execution of Lean.Parser.Tactic.rewriteSeq took 77ms
tactic execution of Lean.Parser.Tactic.rewriteSeq took 73.4ms
tactic execution of Lean.Parser.Tactic.rewriteSeq took 67.2ms
tactic execution of Lean.Parser.Tactic.rewriteSeq took 81.1ms
tactic execution of Lean.Parser.Tactic.rewriteSeq took 104ms
tactic execution of Lean.Parser.Tactic.rewriteSeq took 108ms
tactic execution of Lean.Parser.Tactic.rewriteSeq took 89.4ms
tactic execution of Lean.Parser.Tactic.rewriteSeq took 80.1ms
tactic execution of Lean.Parser.Tactic.rewriteSeq took 75.8ms
tactic execution of Lean.Parser.Tactic.rewriteSeq took 85.2ms
tactic execution of Lean.Parser.Tactic.rewriteSeq took 77.5ms
tactic execution of Lean.Parser.Tactic.rewriteSeq took 65.6ms
tactic execution of Lean.Parser.Tactic.rewriteSeq took 78.9ms
tactic execution of Lean.Parser.Tactic.rewriteSeq took 104ms
tactic execution of Lean.Parser.Tactic.rewriteSeq took 99ms
tactic execution of Lean.Parser.Tactic.rewriteSeq took 89.1ms
tactic execution of Lean.Parser.Tactic.rewriteSeq took 78.9ms
tactic execution of Lean.Parser.Tactic.rewriteSeq took 73.6ms
tactic execution of Lean.Parser.Tactic.rewriteSeq took 77.1ms
tactic execution of Lean.Parser.Tactic.rewriteSeq took 75.1ms
tactic execution of Lean.Parser.Tactic.rewriteSeq took 63.2ms
tactic execution of Lean.Parser.Tactic.rewriteSeq took 79.8ms
tactic execution of Lean.Parser.Tactic.rewriteSeq took 108ms
tactic execution of Lean.Parser.Tactic.rewriteSeq took 102ms
tactic execution of Lean.Parser.Tactic.rewriteSeq took 88.4ms
tactic execution of Lean.Parser.Tactic.rewriteSeq took 80.9ms
tactic execution of Lean.Parser.Tactic.rewriteSeq took 72ms
tactic execution of Lean.Parser.Tactic.rewriteSeq took 75.2ms
tactic execution of Lean.Parser.Tactic.rewriteSeq took 77.8ms
tactic execution of Lean.Parser.Tactic.rewriteSeq took 66.5ms
tactic execution of Lean.Parser.Tactic.rewriteSeq took 76.2ms
tactic execution of Lean.Parser.Tactic.rewriteSeq took 98.3ms
tactic execution of Lean.Parser.Tactic.rewriteSeq took 100ms
tactic execution of Lean.Parser.Tactic.rewriteSeq took 88ms
tactic execution of Lean.Parser.Tactic.rewriteSeq took 80.8ms
tactic execution of Lean.Parser.Tactic.rewriteSeq took 72.2ms
tactic execution of Lean.Parser.Tactic.rewriteSeq took 78.3ms
tactic execution of Lean.Parser.Tactic.rewriteSeq took 78.6ms
tactic execution of Lean.Parser.Tactic.rewriteSeq took 63.2ms
tactic execution of Lean.Parser.Tactic.rewriteSeq took 77.4ms
tactic execution of Lean.Parser.Tactic.rewriteSeq took 103ms
tactic execution of Lean.Parser.Tactic.rewriteSeq took 101ms
tactic execution of Lean.Parser.Tactic.rewriteSeq took 88.8ms
tactic execution of Lean.Parser.Tactic.rewriteSeq took 79ms
tactic execution of Lean.Parser.Tactic.rewriteSeq took 74.6ms
tactic execution of Lean.Parser.Tactic.rewriteSeq took 76.4ms
tactic execution of Lean.Parser.Tactic.rewriteSeq took 74.5ms
tactic execution of Lean.Parser.Tactic.rewriteSeq took 62.7ms
tactic execution of Lean.Parser.Tactic.rewriteSeq took 76.7ms
tactic execution of Lean.Parser.Tactic.rewriteSeq took 100ms
tactic execution of Lean.Parser.Tactic.rewriteSeq took 98.4ms
tactic execution of Lean.Parser.Tactic.rewriteSeq took 86.4ms
tactic execution of Lean.Parser.Tactic.rewriteSeq took 80ms
tactic execution of Lean.Parser.Tactic.rewriteSeq took 76.8ms
tactic execution of Lean.Parser.Tactic.rewriteSeq took 76.7ms
tactic execution of Lean.Parser.Tactic.rewriteSeq took 73ms
tactic execution of Lean.Parser.Tactic.rewriteSeq took 62.3ms
tactic execution of Lean.Parser.Tactic.rewriteSeq took 77.7ms
tactic execution of Lean.Parser.Tactic.rewriteSeq took 98.6ms
tactic execution of Lean.Parser.Tactic.rewriteSeq took 99.4ms
tactic execution of Lean.Parser.Tactic.rewriteSeq took 91.1ms
tactic execution of Lean.Parser.Tactic.rewriteSeq took 78.5ms
tactic execution of Lean.Parser.Tactic.rewriteSeq took 71.5ms
tactic execution of Lean.Parser.Tactic.rewriteSeq took 74.3ms
tactic execution of Lean.Parser.Tactic.rewriteSeq took 74ms
tactic execution of Lean.Parser.Tactic.rewriteSeq took 63.4ms
tactic execution of Lean.Parser.Tactic.rewriteSeq took 78.9ms
tactic execution of Lean.Parser.Tactic.rewriteSeq took 102ms
tactic execution of Lean.Parser.Tactic.rewriteSeq took 93.3ms
tactic execution of Lean.Parser.Tactic.rewriteSeq took 87.4ms
tactic execution of Lean.Parser.Tactic.rewriteSeq took 78.6ms
tactic execution of Lean.Parser.Tactic.rewriteSeq took 75.1ms
tactic execution of Lean.Parser.Tactic.rewriteSeq took 77.8ms
tactic execution of Lean.Parser.Tactic.rewriteSeq took 75.6ms
tactic execution of Lean.Parser.Tactic.rewriteSeq took 63.8ms
tactic execution of Lean.Parser.Tactic.rewriteSeq took 79.1ms
tactic execution of Lean.Parser.Tactic.rewriteSeq took 106ms
tactic execution of Lean.Parser.Tactic.rewriteSeq took 95.5ms
tactic execution of Lean.Parser.Tactic.rewriteSeq took 91.8ms
tactic execution of Lean.Parser.Tactic.rewriteSeq took 77.1ms
tactic execution of Lean.Parser.Tactic.rewriteSeq took 75.6ms
tactic execution of Lean.Parser.Tactic.rewriteSeq took 77.8ms
tactic execution of Lean.Parser.Tactic.rewriteSeq took 76.5ms
tactic execution of Lean.Parser.Tactic.rewriteSeq took 65.3ms
tactic execution of Lean.Parser.Tactic.rewriteSeq took 75ms
tactic execution of Lean.Parser.Tactic.rewriteSeq took 106ms
tactic execution of Lean.Parser.Tactic.rewriteSeq took 101ms
tactic execution of Lean.Parser.Tactic.rewriteSeq took 93ms
tactic execution of Lean.Parser.Tactic.rewriteSeq took 79.5ms
tactic execution of Lean.Parser.Tactic.rewriteSeq took 72ms
tactic execution of Lean.Parser.Tactic.rewriteSeq took 76ms
tactic execution of Lean.Parser.Tactic.rewriteSeq took 76.9ms
tactic execution of Lean.Parser.Tactic.rewriteSeq took 62.3ms
tactic execution of Lean.Parser.Tactic.rewriteSeq took 77.3ms
tactic execution of Lean.Parser.Tactic.rewriteSeq took 105ms
tactic execution of Lean.Parser.Tactic.rewriteSeq took 102ms
tactic execution of Lean.Parser.Tactic.rewriteSeq took 90.1ms
tactic execution of Lean.Parser.Tactic.rewriteSeq took 78.3ms
tactic execution of Lean.Parser.Tactic.rewriteSeq took 75.5ms
tactic execution of Lean.Parser.Tactic.rewriteSeq took 76.2ms
tactic execution of Lean.Parser.Tactic.rewriteSeq took 75.2ms
tactic execution of Lean.Parser.Tactic.rewriteSeq took 62.8ms
tactic execution of Lean.Parser.Tactic.rewriteSeq took 76.7ms
tactic execution of Lean.Parser.Tactic.rewriteSeq took 101ms
tactic execution of Lean.Parser.Tactic.rewriteSeq took 105ms
tactic execution of Lean.Parser.Tactic.rewriteSeq took 89.4ms
tactic execution of Lean.Parser.Tactic.rewriteSeq took 80.3ms
tactic execution of Lean.Parser.Tactic.rewriteSeq took 77.8ms
tactic execution of Lean.Parser.Tactic.rewriteSeq took 75.6ms
tactic execution of Lean.Parser.Tactic.rewriteSeq took 78.4ms
tactic execution of Lean.Parser.Tactic.rewriteSeq took 68.9ms
tactic execution of Lean.Parser.Tactic.rewriteSeq took 77.6ms
tactic execution of Lean.Parser.Tactic.rewriteSeq took 102ms
tactic execution of Lean.Parser.Tactic.rewriteSeq took 101ms
tactic execution of Lean.Parser.Tactic.rewriteSeq took 91.8ms
tactic execution of Lean.Parser.Tactic.rewriteSeq took 79.5ms
tactic execution of Lean.Parser.Tactic.rewriteSeq took 78.4ms
tactic execution of Lean.Parser.Tactic.rewriteSeq took 77.2ms
tactic execution of Lean.Parser.Tactic.rewriteSeq took 75.3ms
tactic execution of Lean.Parser.Tactic.rewriteSeq took 64.1ms
tactic execution of Lean.Parser.Tactic.rewriteSeq took 75ms
tactic execution of Lean.Parser.Tactic.rewriteSeq took 104ms
tactic execution of Lean.Parser.Tactic.rewriteSeq took 99ms
tactic execution of Lean.Parser.Tactic.rewriteSeq took 89.9ms
tactic execution of Lean.Parser.Tactic.rewriteSeq took 77.6ms
tactic execution of Lean.Parser.Tactic.rewriteSeq took 77.8ms
tactic execution of Lean.Parser.Tactic.rewriteSeq took 76.6ms
tactic execution of Lean.Parser.Tactic.rewriteSeq took 80.1ms
tactic execution of Lean.Parser.Tactic.rewriteSeq took 62.6ms
tactic execution of Lean.Parser.Tactic.rewriteSeq took 77.9ms
tactic execution of Lean.Parser.Tactic.rewriteSeq took 97.9ms
tactic execution of Lean.Parser.Tactic.rewriteSeq took 93.6ms
tactic execution of Lean.Parser.Tactic.rewriteSeq took 93.6ms
tactic execution of Lean.Parser.Tactic.rewriteSeq took 78.3ms
tactic execution of Lean.Parser.Tactic.rewriteSeq took 75.6ms
tactic execution of Lean.Parser.Tactic.rewriteSeq took 75.6ms
tactic execution of Lean.Parser.Tactic.rewriteSeq took 79.8ms
tactic execution of Lean.Parser.Tactic.rewriteSeq took 64ms
tactic execution of Lean.Parser.Tactic.rewriteSeq took 76.5ms
tactic execution of Lean.Parser.Tactic.rewriteSeq took 101ms
tactic execution of Lean.Parser.Tactic.rewriteSeq took 97.6ms
tactic execution of Lean.Parser.Tactic.rewriteSeq took 93.9ms
tactic execution of Lean.Parser.Tactic.rewriteSeq took 79.8ms
tactic execution of Lean.Parser.Tactic.rewriteSeq took 79.3ms
tactic execution of Lean.Parser.Tactic.rewriteSeq took 77.7ms
tactic execution of Lean.Parser.Tactic.rewriteSeq took 73.9ms
tactic execution of Lean.Parser.Tactic.rewriteSeq took 65.7ms
tactic execution of Lean.Parser.Tactic.rewriteSeq took 80.6ms
tactic execution of Lean.Parser.Tactic.rewriteSeq took 97.7ms
tactic execution of Lean.Parser.Tactic.rewriteSeq took 99.5ms
tactic execution of Lean.Parser.Tactic.rewriteSeq took 93.2ms
tactic execution of Lean.Parser.Tactic.rewriteSeq took 76.2ms
tactic execution of Lean.Parser.Tactic.rewriteSeq took 74.4ms
tactic execution of Lean.Parser.Tactic.rewriteSeq took 75ms
tactic execution of Lean.Parser.Tactic.rewriteSeq took 74.9ms
tactic execution of Lean.Parser.Tactic.rewriteSeq took 63.5ms
tactic execution of Lean.Parser.Tactic.rewriteSeq took 77.5ms
tactic execution of Lean.Parser.Tactic.rewriteSeq took 103ms
tactic execution of Lean.Parser.Tactic.rewriteSeq took 98.8ms
tactic execution of Lean.Parser.Tactic.rewriteSeq took 96.8ms
tactic execution of Lean.Parser.Tactic.rewriteSeq took 74.8ms
tactic execution of Lean.Parser.Tactic.rewriteSeq took 77.1ms
tactic execution of Lean.Parser.Tactic.rewriteSeq took 76.5ms
tactic execution of Lean.Parser.Tactic.rewriteSeq took 77ms
tactic execution of Lean.Parser.Tactic.rewriteSeq took 63.6ms
tactic execution of Lean.Parser.Tactic.rewriteSeq took 76.4ms
tactic execution of Lean.Parser.Tactic.rewriteSeq took 103ms
tactic execution of Lean.Parser.Tactic.rewriteSeq took 97.1ms
tactic execution of Lean.Parser.Tactic.rewriteSeq took 90ms
tactic execution of Lean.Parser.Tactic.rewriteSeq took 77ms
tactic execution of Lean.Parser.Tactic.rewriteSeq took 76.3ms
tactic execution of Lean.Parser.Tactic.rewriteSeq took 78ms
tactic execution of Lean.Parser.Tactic.rewriteSeq took 76.6ms
tactic execution of Lean.Parser.Tactic.rewriteSeq took 66.5ms
tactic execution of Lean.Parser.Tactic.rewriteSeq took 78.5ms
tactic execution of Lean.Parser.Tactic.rewriteSeq took 101ms
tactic execution of Lean.Parser.Tactic.rewriteSeq took 93.3ms
tactic execution of Lean.Parser.Tactic.rewriteSeq took 94.3ms
tactic execution of Lean.Parser.Tactic.rewriteSeq took 77.9ms
tactic execution of Lean.Parser.Tactic.rewriteSeq took 75.8ms
tactic execution of Lean.Parser.Tactic.rewriteSeq took 74.4ms
tactic execution of Lean.Parser.Tactic.rewriteSeq took 76.5ms
tactic execution of Lean.Parser.Tactic.rewriteSeq took 63.6ms
tactic execution of Lean.Parser.Tactic.rewriteSeq took 76.1ms
tactic execution of Lean.Parser.Tactic.rewriteSeq took 99.3ms
tactic execution of Lean.Parser.Tactic.rewriteSeq took 102ms
tactic execution of Lean.Parser.Tactic.rewriteSeq took 90.3ms
tactic execution of Lean.Parser.Tactic.rewriteSeq took 78ms
tactic execution of Lean.Parser.Tactic.rewriteSeq took 78.4ms
tactic execution of Lean.Parser.Tactic.rewriteSeq took 76ms
tactic execution of Lean.Parser.Tactic.rewriteSeq took 75.6ms
tactic execution of Lean.Parser.Tactic.rewriteSeq took 62.7ms
tactic execution of Lean.Parser.Tactic.rewriteSeq took 78.2ms
tactic execution of Lean.Parser.Tactic.rewriteSeq took 103ms
tactic execution of Lean.Parser.Tactic.rewriteSeq took 102ms
tactic execution of Lean.Parser.Tactic.rewriteSeq took 93.2ms
tactic execution of Lean.Parser.Tactic.rewriteSeq took 74.1ms
tactic execution of Lean.Parser.Tactic.rewriteSeq took 74.4ms
tactic execution of Lean.Parser.Tactic.rewriteSeq took 73.7ms
tactic execution of Lean.Parser.Tactic.rewriteSeq took 74.8ms
tactic execution of Lean.Parser.Tactic.rewriteSeq took 62.1ms
tactic execution of Lean.Parser.Tactic.rewriteSeq took 78.1ms
tactic execution of Lean.Parser.Tactic.rewriteSeq took 101ms
tactic execution of Lean.Parser.Tactic.rewriteSeq took 100ms
tactic execution of Lean.Parser.Tactic.rewriteSeq took 97.7ms
tactic execution of Lean.Parser.Tactic.rewriteSeq took 74.1ms
tactic execution of Lean.Parser.Tactic.rewriteSeq took 75.6ms
tactic execution of Lean.Parser.Tactic.rewriteSeq took 77.2ms
tactic execution of Lean.Parser.Tactic.rewriteSeq took 74.4ms
tactic execution of Lean.Parser.Tactic.rewriteSeq took 63.5ms
tactic execution of Lean.Parser.Tactic.rewriteSeq took 76.6ms
tactic execution of Lean.Parser.Tactic.rewriteSeq took 102ms
tactic execution of Lean.Parser.Tactic.rewriteSeq took 96.7ms
tactic execution of Lean.Parser.Tactic.rewriteSeq took 94.7ms
tactic execution of Lean.Parser.Tactic.rewriteSeq took 77.1ms
tactic execution of Lean.Parser.Tactic.rewriteSeq took 74.4ms
tactic execution of Lean.Parser.Tactic.rewriteSeq took 76.9ms
tactic execution of Lean.Parser.Tactic.rewriteSeq took 76.8ms
tactic execution of Lean.Parser.Tactic.rewriteSeq took 67.6ms
tactic execution of Lean.Parser.Tactic.rewriteSeq took 77.5ms
tactic execution of Lean.Parser.Tactic.rewriteSeq took 99.8ms
tactic execution of Lean.Parser.Tactic.rewriteSeq took 96.6ms
tactic execution of Lean.Parser.Tactic.rewriteSeq took 93.9ms
tactic execution of Lean.Parser.Tactic.rewriteSeq took 75.4ms
tactic execution of Lean.Parser.Tactic.rewriteSeq took 75.3ms
tactic execution of Lean.Parser.Tactic.rewriteSeq took 77.9ms
tactic execution of Lean.Parser.Tactic.rewriteSeq took 75.5ms
tactic execution of Lean.Parser.Tactic.rewriteSeq took 68.2ms
tactic execution of Lean.Parser.Tactic.rewriteSeq took 76.2ms
tactic execution of Lean.Parser.Tactic.rewriteSeq took 100ms
tactic execution of Lean.Parser.Tactic.rewriteSeq took 98.3ms
tactic execution of Lean.Parser.Tactic.rewriteSeq took 95.2ms
tactic execution of Lean.Parser.Tactic.rewriteSeq took 78.5ms
tactic execution of Lean.Parser.Tactic.rewriteSeq took 76ms
tactic execution of Lean.Parser.Tactic.rewriteSeq took 74.5ms
tactic execution of Lean.Parser.Tactic.rewriteSeq took 73.8ms
tactic execution of Lean.Parser.Tactic.rewriteSeq took 68.7ms
tactic execution of Lean.Parser.Tactic.rewriteSeq took 75.8ms
tactic execution of Lean.Parser.Tactic.rewriteSeq took 100ms
tactic execution of Lean.Parser.Tactic.rewriteSeq took 96.6ms
tactic execution of Lean.Parser.Tactic.rewriteSeq took 90.4ms
tactic execution of Lean.Parser.Tactic.rewriteSeq took 76.7ms
tactic execution of Lean.Parser.Tactic.rewriteSeq took 77.2ms
tactic execution of Lean.Parser.Tactic.rewriteSeq took 74ms
tactic execution of Lean.Parser.Tactic.rewriteSeq took 75.7ms
tactic execution of Lean.Parser.Tactic.rewriteSeq took 66.5ms
tactic execution of Lean.Parser.Tactic.rewriteSeq took 79ms
tactic execution of Lean.Parser.Tactic.rewriteSeq took 97.8ms
tactic execution of Lean.Parser.Tactic.rewriteSeq took 95.7ms
tactic execution of Lean.Parser.Tactic.rewriteSeq took 89.1ms
tactic execution of Lean.Parser.Tactic.rewriteSeq took 78.2ms
tactic execution of Lean.Parser.Tactic.rewriteSeq took 73.8ms
tactic execution of Lean.Parser.Tactic.rewriteSeq took 77.3ms
tactic execution of Lean.Parser.Tactic.rewriteSeq took 73.4ms
tactic execution of Lean.Parser.Tactic.rewriteSeq took 65.8ms
tactic execution of Lean.Parser.Tactic.rewriteSeq took 79ms
tactic execution of Lean.Parser.Tactic.rewriteSeq took 100ms
tactic execution of Lean.Parser.Tactic.rewriteSeq took 97.8ms
tactic execution of Lean.Parser.Tactic.rewriteSeq took 91.5ms
tactic execution of Lean.Parser.Tactic.rewriteSeq took 79.7ms
tactic execution of Lean.Parser.Tactic.rewriteSeq took 73.6ms
tactic execution of Lean.Parser.Tactic.rewriteSeq took 76.6ms
tactic execution of Lean.Parser.Tactic.rewriteSeq took 72.9ms
tactic execution of Lean.Parser.Tactic.rewriteSeq took 66.3ms
process pre-definitions took 709ms
elaboration took 21.6s
compilation (LCNF base) took 64ms
interpretation of _private.Mathlib.Tactic.Linter.UnusedTactic.0.Mathlib.Linter.UnusedTactic.unusedTacticLinter._lam_0._boxed took 2.62s
interpretation of Mathlib.TacticAnalysis.tacticAnalysis._lam_0._boxed took 8.99s
interpretation of Batteries.Linter.UnreachableTactic.unreachableTacticLinter._lam_0._boxed took 2.56s
interpretation of Batteries.Linter.UnnecessarySeqFocus.unnecessarySeqFocusLinter._lam_1._boxed took 2.41s
linting took 3.27s
typeclass inference of OfNat took 96.2ms
tactic execution of Lean.Parser.Tactic.rewriteSeq took 67.8ms
tactic execution of Lean.Parser.Tactic.rewriteSeq took 51.4ms
tactic execution of Lean.Parser.Tactic.rewriteSeq took 51.3ms
tactic execution of Lean.Parser.Tactic.rewriteSeq took 50.9ms
tactic execution of Lean.Parser.Tactic.rewriteSeq took 50.1ms
process pre-definitions took 529ms
elaboration took 2.39s
interpretation of _private.Mathlib.Tactic.Linter.UnusedTactic.0.Mathlib.Linter.UnusedTactic.unusedTacticLinter._lam_0._boxed took 369ms
interpretation of Mathlib.TacticAnalysis.tacticAnalysis._lam_0._boxed took 1.21s
interpretation of Batteries.Linter.UnreachableTactic.unreachableTacticLinter._lam_0._boxed took 355ms
interpretation of Batteries.Linter.UnnecessarySeqFocus.unnecessarySeqFocusLinter._lam_1._boxed took 334ms
linting took 558ms
cumulative profiling times:
	attribute application 0.279ms
	blocked (unaccounted) 0.651ms
	compilation (IR) 240ms
	compilation (LCNF base) 336ms
	compilation (LCNF mono) 106ms
	congr simp thm 5.52ms
	dsimp 76.1ms
	elaboration 25.9s
	fix level params 4.34ms
	import 958ms
	initialization 32.4ms
	instantiate metavars 3.37s
	interpretation 19.2s
	let-to-have transformation 34.5ms
	linting 3.83s
	parsing 61.7ms
	process pre-definitions 1.32s
	share common exprs 43.8ms
	simp 74.9ms
	tactic execution 233s
	type checking 442ms
	typeclass inference 192s
